hw-rankselect-0.13.3.1,real,8.317,0,1,66.25,62.5,66.25,63.0,63.0,61.0,60.75,63.0,63.5,63.25
hw-rankselect-0.13.3.1,user,374.843,0,1,66.25,62.5,66.25,63.0,63.0,61.0,60.75,63.0,63.5,63.25
hw-rankselect-0.13.3.1,sys,223.987,0,1,66.25,62.5,66.25,63.0,63.0,61.0,60.75,63.0,63.5,63.25
hw-rankselect-0.13.3.1,real,8.317,0,1,66.25,62.5,66.25,63.0,63.0,61.0,60.75,63.0,63.5,63.25
hw-rankselect-0.13.3.1,user,374.843,0,1,66.25,62.5,66.25,63.0,63.0,61.0,60.75,63.0,63.5,63.25
hw-rankselect-0.13.3.1,sys,223.987,0,1,66.25,62.5,66.25,63.0,63.0,61.0,60.75,63.0,63.5,63.25
hw-rankselect-0.13.3.1,real,8.317,0,1,66.25,62.5,66.25,63.0,63.0,61.0,60.75,63.0,63.5,63.25
hw-rankselect-0.13.3.1,user,374.843,0,1,66.25,62.5,66.25,63.0,63.0,61.0,60.75,63.0,63.5,63.25
hw-rankselect-0.13.3.1,sys,223.987,0,1,66.25,62.5,66.25,63.0,63.0,61.0,60.75,63.0,63.5,63.25
hw-rankselect-0.13.3.1,real,7.934,0,2,67.125,65.0,67.125,63.75,64.5,61.75,61.5,63.5,64.0,62.75
hw-rankselect-0.13.3.1,user,349.481,0,2,67.125,65.0,67.125,63.75,64.5,61.75,61.5,63.5,64.0,62.75
hw-rankselect-0.13.3.1,sys,239.852,0,2,67.125,65.0,67.125,63.75,64.5,61.75,61.5,63.5,64.0,62.75
hw-rankselect-0.13.3.1,real,7.934,0,2,67.125,65.0,67.125,63.75,64.5,61.75,61.5,63.5,64.0,62.75
hw-rankselect-0.13.3.1,user,349.481,0,2,67.125,65.0,67.125,63.75,64.5,61.75,61.5,63.5,64.0,62.75
hw-rankselect-0.13.3.1,sys,239.852,0,2,67.125,65.0,67.125,63.75,64.5,61.75,61.5,63.5,64.0,62.75
hw-rankselect-0.13.3.1,real,7.934,0,2,67.125,65.0,67.125,63.75,64.5,61.75,61.5,63.5,64.0,62.75
hw-rankselect-0.13.3.1,user,349.481,0,2,67.125,65.0,67.125,63.75,64.5,61.75,61.5,63.5,64.0,62.75
hw-rankselect-0.13.3.1,sys,239.852,0,2,67.125,65.0,67.125,63.75,64.5,61.75,61.5,63.5,64.0,62.75
hw-rankselect-0.13.3.1,real,7.785,0,3,67.875,63.75,67.875,64.75,65.0,62.5,63.75,64.5,65.0,63.25
hw-rankselect-0.13.3.1,user,367.326,0,3,67.875,63.75,67.875,64.75,65.0,62.5,63.75,64.5,65.0,63.25
hw-rankselect-0.13.3.1,sys,204.635,0,3,67.875,63.75,67.875,64.75,65.0,62.5,63.75,64.5,65.0,63.25
hw-rankselect-0.13.3.1,real,7.785,0,3,67.875,63.75,67.875,64.75,65.0,62.5,63.75,64.5,65.0,63.25
hw-rankselect-0.13.3.1,user,367.326,0,3,67.875,63.75,67.875,64.75,65.0,62.5,63.75,64.5,65.0,63.25
hw-rankselect-0.13.3.1,sys,204.635,0,3,67.875,63.75,67.875,64.75,65.0,62.5,63.75,64.5,65.0,63.25
hw-rankselect-0.13.3.1,real,7.785,0,3,67.875,63.75,67.875,64.75,65.0,62.5,63.75,64.5,65.0,63.25
hw-rankselect-0.13.3.1,user,367.326,0,3,67.875,63.75,67.875,64.75,65.0,62.5,63.75,64.5,65.0,63.25
hw-rankselect-0.13.3.1,sys,204.635,0,3,67.875,63.75,67.875,64.75,65.0,62.5,63.75,64.5,65.0,63.25
hw-rankselect-0.13.3.1,real,8.145,0,4,68.625,64.25,68.625,65.25,65.5,63.25,62.75,65.0,67.5,64.0
hw-rankselect-0.13.3.1,user,372.501,0,4,68.625,64.25,68.625,65.25,65.5,63.25,62.75,65.0,67.5,64.0
hw-rankselect-0.13.3.1,sys,224.053,0,4,68.625,64.25,68.625,65.25,65.5,63.25,62.75,65.0,67.5,64.0
hw-rankselect-0.13.3.1,real,8.145,0,4,68.625,64.25,68.625,65.25,65.5,63.25,62.75,65.0,67.5,64.0
hw-rankselect-0.13.3.1,user,372.501,0,4,68.625,64.25,68.625,65.25,65.5,63.25,62.75,65.0,67.5,64.0
hw-rankselect-0.13.3.1,sys,224.053,0,4,68.625,64.25,68.625,65.25,65.5,63.25,62.75,65.0,67.5,64.0
hw-rankselect-0.13.3.1,real,8.145,0,4,68.625,64.25,68.625,65.25,65.5,63.25,62.75,65.0,67.5,64.0
hw-rankselect-0.13.3.1,user,372.501,0,4,68.625,64.25,68.625,65.25,65.5,63.25,62.75,65.0,67.5,64.0
hw-rankselect-0.13.3.1,sys,224.053,0,4,68.625,64.25,68.625,65.25,65.5,63.25,62.75,65.0,67.5,64.0
hw-rankselect-0.13.3.1,real,8.255,0,5,69.25,65.75,69.25,65.75,66.5,64.0,63.25,65.5,66.5,65.5
hw-rankselect-0.13.3.1,user,390.579,0,5,69.25,65.75,69.25,65.75,66.5,64.0,63.25,65.5,66.5,65.5
hw-rankselect-0.13.3.1,sys,234.140,0,5,69.25,65.75,69.25,65.75,66.5,64.0,63.25,65.5,66.5,65.5
hw-rankselect-0.13.3.1,real,8.255,0,5,69.25,65.75,69.25,65.75,66.5,64.0,63.25,65.5,66.5,65.5
hw-rankselect-0.13.3.1,user,390.579,0,5,69.25,65.75,69.25,65.75,66.5,64.0,63.25,65.5,66.5,65.5
hw-rankselect-0.13.3.1,sys,234.140,0,5,69.25,65.75,69.25,65.75,66.5,64.0,63.25,65.5,66.5,65.5
hw-rankselect-0.13.3.1,real,8.255,0,5,69.25,65.75,69.25,65.75,66.5,64.0,63.25,65.5,66.5,65.5
hw-rankselect-0.13.3.1,user,390.579,0,5,69.25,65.75,69.25,65.75,66.5,64.0,63.25,65.5,66.5,65.5
hw-rankselect-0.13.3.1,sys,234.140,0,5,69.25,65.75,69.25,65.75,66.5,64.0,63.25,65.5,66.5,65.5
hw-rankselect-0.13.3.1,real,8.344,0,6,70.125,67.25,70.125,66.75,67.25,64.25,64.5,66.5,67.0,66.75
hw-rankselect-0.13.3.1,user,389.572,0,6,70.125,67.25,70.125,66.75,67.25,64.25,64.5,66.5,67.0,66.75
hw-rankselect-0.13.3.1,sys,225.328,0,6,70.125,67.25,70.125,66.75,67.25,64.25,64.5,66.5,67.0,66.75
hw-rankselect-0.13.3.1,real,8.344,0,6,70.125,67.25,70.125,66.75,67.25,64.25,64.5,66.5,67.0,66.75
hw-rankselect-0.13.3.1,user,389.572,0,6,70.125,67.25,70.125,66.75,67.25,64.25,64.5,66.5,67.0,66.75
hw-rankselect-0.13.3.1,sys,225.328,0,6,70.125,67.25,70.125,66.75,67.25,64.25,64.5,66.5,67.0,66.75
hw-rankselect-0.13.3.1,real,8.344,0,6,70.125,67.25,70.125,66.75,67.25,64.25,64.5,66.5,67.0,66.75
hw-rankselect-0.13.3.1,user,389.572,0,6,70.125,67.25,70.125,66.75,67.25,64.25,64.5,66.5,67.0,66.75
hw-rankselect-0.13.3.1,sys,225.328,0,6,70.125,67.25,70.125,66.75,67.25,64.25,64.5,66.5,67.0,66.75
hw-rankselect-0.13.3.1,real,8.185,0,7,70.625,66.0,70.625,67.25,68.75,65.0,64.75,67.0,67.5,66.0
hw-rankselect-0.13.3.1,user,381.160,0,7,70.625,66.0,70.625,67.25,68.75,65.0,64.75,67.0,67.5,66.0
hw-rankselect-0.13.3.1,sys,223.441,0,7,70.625,66.0,70.625,67.25,68.75,65.0,64.75,67.0,67.5,66.0
hw-rankselect-0.13.3.1,real,8.185,0,7,70.625,66.0,70.625,67.25,68.75,65.0,64.75,67.0,67.5,66.0
hw-rankselect-0.13.3.1,user,381.160,0,7,70.625,66.0,70.625,67.25,68.75,65.0,64.75,67.0,67.5,66.0
hw-rankselect-0.13.3.1,sys,223.441,0,7,70.625,66.0,70.625,67.25,68.75,65.0,64.75,67.0,67.5,66.0
hw-rankselect-0.13.3.1,real,8.185,0,7,70.625,66.0,70.625,67.25,68.75,65.0,64.75,67.0,67.5,66.0
hw-rankselect-0.13.3.1,user,381.160,0,7,70.625,66.0,70.625,67.25,68.75,65.0,64.75,67.0,67.5,66.0
hw-rankselect-0.13.3.1,sys,223.441,0,7,70.625,66.0,70.625,67.25,68.75,65.0,64.75,67.0,67.5,66.0
hw-rankselect-0.13.3.1,real,8.325,0,8,70.875,66.25,70.875,68.0,68.5,65.25,66.25,67.25,68.0,66.5
hw-rankselect-0.13.3.1,user,391.827,0,8,70.875,66.25,70.875,68.0,68.5,65.25,66.25,67.25,68.0,66.5
hw-rankselect-0.13.3.1,sys,213.229,0,8,70.875,66.25,70.875,68.0,68.5,65.25,66.25,67.25,68.0,66.5
hw-rankselect-0.13.3.1,real,8.325,0,8,70.875,66.25,70.875,68.0,68.5,65.25,66.25,67.25,68.0,66.5
hw-rankselect-0.13.3.1,user,391.827,0,8,70.875,66.25,70.875,68.0,68.5,65.25,66.25,67.25,68.0,66.5
hw-rankselect-0.13.3.1,sys,213.229,0,8,70.875,66.25,70.875,68.0,68.5,65.25,66.25,67.25,68.0,66.5
hw-rankselect-0.13.3.1,real,8.325,0,8,70.875,66.25,70.875,68.0,68.5,65.25,66.25,67.25,68.0,66.5
hw-rankselect-0.13.3.1,user,391.827,0,8,70.875,66.25,70.875,68.0,68.5,65.25,66.25,67.25,68.0,66.5
hw-rankselect-0.13.3.1,sys,213.229,0,8,70.875,66.25,70.875,68.0,68.5,65.25,66.25,67.25,68.0,66.5
hw-rankselect-0.13.3.1,real,7.895,0,9,71.125,66.75,71.125,67.75,68.75,65.5,65.25,67.75,68.5,69.0
hw-rankselect-0.13.3.1,user,356.859,0,9,71.125,66.75,71.125,67.75,68.75,65.5,65.25,67.75,68.5,69.0
hw-rankselect-0.13.3.1,sys,229.485,0,9,71.125,66.75,71.125,67.75,68.75,65.5,65.25,67.75,68.5,69.0
hw-rankselect-0.13.3.1,real,7.895,0,9,71.125,66.75,71.125,67.75,68.75,65.5,65.25,67.75,68.5,69.0
hw-rankselect-0.13.3.1,user,356.859,0,9,71.125,66.75,71.125,67.75,68.75,65.5,65.25,67.75,68.5,69.0
hw-rankselect-0.13.3.1,sys,229.485,0,9,71.125,66.75,71.125,67.75,68.75,65.5,65.25,67.75,68.5,69.0
hw-rankselect-0.13.3.1,real,7.895,0,9,71.125,66.75,71.125,67.75,68.75,65.5,65.25,67.75,68.5,69.0
hw-rankselect-0.13.3.1,user,356.859,0,9,71.125,66.75,71.125,67.75,68.75,65.5,65.25,67.75,68.5,69.0
hw-rankselect-0.13.3.1,sys,229.485,0,9,71.125,66.75,71.125,67.75,68.75,65.5,65.25,67.75,68.5,69.0
hw-rankselect-0.13.3.1,real,8.046,0,10,71.75,67.75,71.75,68.5,68.75,66.0,65.5,68.5,70.5,67.5
hw-rankselect-0.13.3.1,user,371.247,0,10,71.75,67.75,71.75,68.5,68.75,66.0,65.5,68.5,70.5,67.5
hw-rankselect-0.13.3.1,sys,228.116,0,10,71.75,67.75,71.75,68.5,68.75,66.0,65.5,68.5,70.5,67.5
hw-rankselect-0.13.3.1,real,8.046,0,10,71.75,67.75,71.75,68.5,68.75,66.0,65.5,68.5,70.5,67.5
hw-rankselect-0.13.3.1,user,371.247,0,10,71.75,67.75,71.75,68.5,68.75,66.0,65.5,68.5,70.5,67.5
hw-rankselect-0.13.3.1,sys,228.116,0,10,71.75,67.75,71.75,68.5,68.75,66.0,65.5,68.5,70.5,67.5
hw-rankselect-0.13.3.1,real,8.046,0,10,71.75,67.75,71.75,68.5,68.75,66.0,65.5,68.5,70.5,67.5
hw-rankselect-0.13.3.1,user,371.247,0,10,71.75,67.75,71.75,68.5,68.75,66.0,65.5,68.5,70.5,67.5
hw-rankselect-0.13.3.1,sys,228.116,0,10,71.75,67.75,71.75,68.5,68.75,66.0,65.5,68.5,70.5,67.5
hw-rankselect-0.13.3.1,real,8.205,0,11,72.25,68.5,72.25,68.5,69.75,66.5,66.0,69.5,69.0,71.25
hw-rankselect-0.13.3.1,user,390.796,0,11,72.25,68.5,72.25,68.5,69.75,66.5,66.0,69.5,69.0,71.25
hw-rankselect-0.13.3.1,sys,214.446,0,11,72.25,68.5,72.25,68.5,69.75,66.5,66.0,69.5,69.0,71.25
hw-rankselect-0.13.3.1,real,8.205,0,11,72.25,68.5,72.25,68.5,69.75,66.5,66.0,69.5,69.0,71.25
hw-rankselect-0.13.3.1,user,390.796,0,11,72.25,68.5,72.25,68.5,69.75,66.5,66.0,69.5,69.0,71.25
hw-rankselect-0.13.3.1,sys,214.446,0,11,72.25,68.5,72.25,68.5,69.75,66.5,66.0,69.5,69.0,71.25
hw-rankselect-0.13.3.1,real,8.205,0,11,72.25,68.5,72.25,68.5,69.75,66.5,66.0,69.5,69.0,71.25
hw-rankselect-0.13.3.1,user,390.796,0,11,72.25,68.5,72.25,68.5,69.75,66.5,66.0,69.5,69.0,71.25
hw-rankselect-0.13.3.1,sys,214.446,0,11,72.25,68.5,72.25,68.5,69.75,66.5,66.0,69.5,69.0,71.25
ListLike-4.6.3,real,23.503,0,1,70.625,62.5,70.625,64.0,64.25,62.25,61.5,64.5,64.5,63.25
ListLike-4.6.3,user,23.116,0,1,70.625,62.5,70.625,64.0,64.25,62.25,61.5,64.5,64.5,63.25
ListLike-4.6.3,sys,0.809,0,1,70.625,62.5,70.625,64.0,64.25,62.25,61.5,64.5,64.5,63.25
ListLike-4.6.3,real,23.503,0,1,70.625,62.5,70.625,64.0,64.25,62.25,61.5,64.5,64.5,63.25
ListLike-4.6.3,user,23.116,0,1,70.625,62.5,70.625,64.0,64.25,62.25,61.5,64.5,64.5,63.25
ListLike-4.6.3,sys,0.809,0,1,70.625,62.5,70.625,64.0,64.25,62.25,61.5,64.5,64.5,63.25
ListLike-4.6.3,real,23.503,0,1,70.625,62.5,70.625,64.0,64.25,62.25,61.5,64.5,64.5,63.25
ListLike-4.6.3,user,23.116,0,1,70.625,62.5,70.625,64.0,64.25,62.25,61.5,64.5,64.5,63.25
ListLike-4.6.3,sys,0.809,0,1,70.625,62.5,70.625,64.0,64.25,62.25,61.5,64.5,64.5,63.25
ListLike-4.6.3,real,23.583,0,2,68.75,62.0,68.75,63.75,63.5,60.5,60.25,63.0,64.5,61.75
ListLike-4.6.3,user,23.330,0,2,68.75,62.0,68.75,63.75,63.5,60.5,60.25,63.0,64.5,61.75
ListLike-4.6.3,sys,0.708,0,2,68.75,62.0,68.75,63.75,63.5,60.5,60.25,63.0,64.5,61.75
ListLike-4.6.3,real,23.583,0,2,68.75,62.0,68.75,63.75,63.5,60.5,60.25,63.0,64.5,61.75
ListLike-4.6.3,user,23.330,0,2,68.75,62.0,68.75,63.75,63.5,60.5,60.25,63.0,64.5,61.75
ListLike-4.6.3,sys,0.708,0,2,68.75,62.0,68.75,63.75,63.5,60.5,60.25,63.0,64.5,61.75
ListLike-4.6.3,real,23.583,0,2,68.75,62.0,68.75,63.75,63.5,60.5,60.25,63.0,64.5,61.75
ListLike-4.6.3,user,23.330,0,2,68.75,62.0,68.75,63.75,63.5,60.5,60.25,63.0,64.5,61.75
ListLike-4.6.3,sys,0.708,0,2,68.75,62.0,68.75,63.75,63.5,60.5,60.25,63.0,64.5,61.75
ListLike-4.6.3,real,23.843,0,3,67.75,61.25,67.75,63.0,63.0,59.5,59.75,62.0,62.5,60.75
ListLike-4.6.3,user,23.500,0,3,67.75,61.25,67.75,63.0,63.0,59.5,59.75,62.0,62.5,60.75
ListLike-4.6.3,sys,0.767,0,3,67.75,61.25,67.75,63.0,63.0,59.5,59.75,62.0,62.5,60.75
ListLike-4.6.3,real,23.843,0,3,67.75,61.25,67.75,63.0,63.0,59.5,59.75,62.0,62.5,60.75
ListLike-4.6.3,user,23.500,0,3,67.75,61.25,67.75,63.0,63.0,59.5,59.75,62.0,62.5,60.75
ListLike-4.6.3,sys,0.767,0,3,67.75,61.25,67.75,63.0,63.0,59.5,59.75,62.0,62.5,60.75
ListLike-4.6.3,real,23.843,0,3,67.75,61.25,67.75,63.0,63.0,59.5,59.75,62.0,62.5,60.75
ListLike-4.6.3,user,23.500,0,3,67.75,61.25,67.75,63.0,63.0,59.5,59.75,62.0,62.5,60.75
ListLike-4.6.3,sys,0.767,0,3,67.75,61.25,67.75,63.0,63.0,59.5,59.75,62.0,62.5,60.75
ListLike-4.6.3,real,24.003,0,4,67.0,60.75,67.0,62.75,62.25,59.75,59.25,61.5,62.0,60.5
ListLike-4.6.3,user,23.785,0,4,67.0,60.75,67.0,62.75,62.25,59.75,59.25,61.5,62.0,60.5
ListLike-4.6.3,sys,0.632,0,4,67.0,60.75,67.0,62.75,62.25,59.75,59.25,61.5,62.0,60.5
ListLike-4.6.3,real,24.003,0,4,67.0,60.75,67.0,62.75,62.25,59.75,59.25,61.5,62.0,60.5
ListLike-4.6.3,user,23.785,0,4,67.0,60.75,67.0,62.75,62.25,59.75,59.25,61.5,62.0,60.5
ListLike-4.6.3,sys,0.632,0,4,67.0,60.75,67.0,62.75,62.25,59.75,59.25,61.5,62.0,60.5
ListLike-4.6.3,real,24.003,0,4,67.0,60.75,67.0,62.75,62.25,59.75,59.25,61.5,62.0,60.5
ListLike-4.6.3,user,23.785,0,4,67.0,60.75,67.0,62.75,62.25,59.75,59.25,61.5,62.0,60.5
ListLike-4.6.3,sys,0.632,0,4,67.0,60.75,67.0,62.75,62.25,59.75,59.25,61.5,62.0,60.5
ListLike-4.6.3,real,23.533,0,5,67.0,59.5,67.0,60.75,60.75,59.0,58.0,60.75,61.75,59.75
ListLike-4.6.3,user,23.249,0,5,67.0,59.5,67.0,60.75,60.75,59.0,58.0,60.75,61.75,59.75
ListLike-4.6.3,sys,0.698,0,5,67.0,59.5,67.0,60.75,60.75,59.0,58.0,60.75,61.75,59.75
ListLike-4.6.3,real,23.533,0,5,67.0,59.5,67.0,60.75,60.75,59.0,58.0,60.75,61.75,59.75
ListLike-4.6.3,user,23.249,0,5,67.0,59.5,67.0,60.75,60.75,59.0,58.0,60.75,61.75,59.75
ListLike-4.6.3,sys,0.698,0,5,67.0,59.5,67.0,60.75,60.75,59.0,58.0,60.75,61.75,59.75
ListLike-4.6.3,real,23.533,0,5,67.0,59.5,67.0,60.75,60.75,59.0,58.0,60.75,61.75,59.75
ListLike-4.6.3,user,23.249,0,5,67.0,59.5,67.0,60.75,60.75,59.0,58.0,60.75,61.75,59.75
ListLike-4.6.3,sys,0.698,0,5,67.0,59.5,67.0,60.75,60.75,59.0,58.0,60.75,61.75,59.75
ListLike-4.6.3,real,23.653,0,6,65.875,59.0,65.875,61.25,60.75,57.75,58.0,60.0,60.5,60.25
ListLike-4.6.3,user,23.387,0,6,65.875,59.0,65.875,61.25,60.75,57.75,58.0,60.0,60.5,60.25
ListLike-4.6.3,sys,0.700,0,6,65.875,59.0,65.875,61.25,60.75,57.75,58.0,60.0,60.5,60.25
ListLike-4.6.3,real,23.653,0,6,65.875,59.0,65.875,61.25,60.75,57.75,58.0,60.0,60.5,60.25
ListLike-4.6.3,user,23.387,0,6,65.875,59.0,65.875,61.25,60.75,57.75,58.0,60.0,60.5,60.25
ListLike-4.6.3,sys,0.700,0,6,65.875,59.0,65.875,61.25,60.75,57.75,58.0,60.0,60.5,60.25
ListLike-4.6.3,real,23.653,0,6,65.875,59.0,65.875,61.25,60.75,57.75,58.0,60.0,60.5,60.25
ListLike-4.6.3,user,23.387,0,6,65.875,59.0,65.875,61.25,60.75,57.75,58.0,60.0,60.5,60.25
ListLike-4.6.3,sys,0.700,0,6,65.875,59.0,65.875,61.25,60.75,57.75,58.0,60.0,60.5,60.25
ListLike-4.6.3,real,23.623,0,7,66.125,59.0,66.125,60.5,60.75,57.5,58.0,59.75,60.75,59.0
ListLike-4.6.3,user,23.166,0,7,66.125,59.0,66.125,60.5,60.75,57.5,58.0,59.75,60.75,59.0
ListLike-4.6.3,sys,0.917,0,7,66.125,59.0,66.125,60.5,60.75,57.5,58.0,59.75,60.75,59.0
ListLike-4.6.3,real,23.623,0,7,66.125,59.0,66.125,60.5,60.75,57.5,58.0,59.75,60.75,59.0
ListLike-4.6.3,user,23.166,0,7,66.125,59.0,66.125,60.5,60.75,57.5,58.0,59.75,60.75,59.0
ListLike-4.6.3,sys,0.917,0,7,66.125,59.0,66.125,60.5,60.75,57.5,58.0,59.75,60.75,59.0
ListLike-4.6.3,real,23.623,0,7,66.125,59.0,66.125,60.5,60.75,57.5,58.0,59.75,60.75,59.0
ListLike-4.6.3,user,23.166,0,7,66.125,59.0,66.125,60.5,60.75,57.5,58.0,59.75,60.75,59.0
ListLike-4.6.3,sys,0.917,0,7,66.125,59.0,66.125,60.5,60.75,57.5,58.0,59.75,60.75,59.0
ListLike-4.6.3,real,23.533,0,8,65.0,58.75,65.0,60.25,60.0,57.75,57.0,59.5,60.25,58.25
ListLike-4.6.3,user,23.315,0,8,65.0,58.75,65.0,60.25,60.0,57.75,57.0,59.5,60.25,58.25
ListLike-4.6.3,sys,0.587,0,8,65.0,58.75,65.0,60.25,60.0,57.75,57.0,59.5,60.25,58.25
ListLike-4.6.3,real,23.533,0,8,65.0,58.75,65.0,60.25,60.0,57.75,57.0,59.5,60.25,58.25
ListLike-4.6.3,user,23.315,0,8,65.0,58.75,65.0,60.25,60.0,57.75,57.0,59.5,60.25,58.25
ListLike-4.6.3,sys,0.587,0,8,65.0,58.75,65.0,60.25,60.0,57.75,57.0,59.5,60.25,58.25
ListLike-4.6.3,real,23.533,0,8,65.0,58.75,65.0,60.25,60.0,57.75,57.0,59.5,60.25,58.25
ListLike-4.6.3,user,23.315,0,8,65.0,58.75,65.0,60.25,60.0,57.75,57.0,59.5,60.25,58.25
ListLike-4.6.3,sys,0.587,0,8,65.0,58.75,65.0,60.25,60.0,57.75,57.0,59.5,60.25,58.25
ListLike-4.6.3,real,23.393,0,9,65.625,57.75,65.625,58.75,59.0,56.75,57.0,60.25,60.25,58.25
ListLike-4.6.3,user,23.064,0,9,65.625,57.75,65.625,58.75,59.0,56.75,57.0,60.25,60.25,58.25
ListLike-4.6.3,sys,0.761,0,9,65.625,57.75,65.625,58.75,59.0,56.75,57.0,60.25,60.25,58.25
ListLike-4.6.3,real,23.393,0,9,65.625,57.75,65.625,58.75,59.0,56.75,57.0,60.25,60.25,58.25
ListLike-4.6.3,user,23.064,0,9,65.625,57.75,65.625,58.75,59.0,56.75,57.0,60.25,60.25,58.25
ListLike-4.6.3,sys,0.761,0,9,65.625,57.75,65.625,58.75,59.0,56.75,57.0,60.25,60.25,58.25
ListLike-4.6.3,real,23.393,0,9,65.625,57.75,65.625,58.75,59.0,56.75,57.0,60.25,60.25,58.25
ListLike-4.6.3,user,23.064,0,9,65.625,57.75,65.625,58.75,59.0,56.75,57.0,60.25,60.25,58.25
ListLike-4.6.3,sys,0.761,0,9,65.625,57.75,65.625,58.75,59.0,56.75,57.0,60.25,60.25,58.25
ListLike-4.6.3,real,23.673,0,10,64.0,58.0,64.0,59.5,59.5,57.25,56.25,58.5,59.5,57.75
ListLike-4.6.3,user,23.303,0,10,64.0,58.0,64.0,59.5,59.5,57.25,56.25,58.5,59.5,57.75
ListLike-4.6.3,sys,0.805,0,10,64.0,58.0,64.0,59.5,59.5,57.25,56.25,58.5,59.5,57.75
ListLike-4.6.3,real,23.673,0,10,64.0,58.0,64.0,59.5,59.5,57.25,56.25,58.5,59.5,57.75
ListLike-4.6.3,user,23.303,0,10,64.0,58.0,64.0,59.5,59.5,57.25,56.25,58.5,59.5,57.75
ListLike-4.6.3,sys,0.805,0,10,64.0,58.0,64.0,59.5,59.5,57.25,56.25,58.5,59.5,57.75
ListLike-4.6.3,real,23.673,0,10,64.0,58.0,64.0,59.5,59.5,57.25,56.25,58.5,59.5,57.75
ListLike-4.6.3,user,23.303,0,10,64.0,58.0,64.0,59.5,59.5,57.25,56.25,58.5,59.5,57.75
ListLike-4.6.3,sys,0.805,0,10,64.0,58.0,64.0,59.5,59.5,57.25,56.25,58.5,59.5,57.75
ListLike-4.6.3,real,23.624,0,11,65.0,58.5,65.0,58.75,60.25,56.25,56.25,58.5,59.5,57.25
ListLike-4.6.3,user,23.233,0,11,65.0,58.5,65.0,58.75,60.25,56.25,56.25,58.5,59.5,57.25
ListLike-4.6.3,sys,0.828,0,11,65.0,58.5,65.0,58.75,60.25,56.25,56.25,58.5,59.5,57.25
ListLike-4.6.3,real,23.624,0,11,65.0,58.5,65.0,58.75,60.25,56.25,56.25,58.5,59.5,57.25
ListLike-4.6.3,user,23.233,0,11,65.0,58.5,65.0,58.75,60.25,56.25,56.25,58.5,59.5,57.25
ListLike-4.6.3,sys,0.828,0,11,65.0,58.5,65.0,58.75,60.25,56.25,56.25,58.5,59.5,57.25
ListLike-4.6.3,real,23.624,0,11,65.0,58.5,65.0,58.75,60.25,56.25,56.25,58.5,59.5,57.25
ListLike-4.6.3,user,23.233,0,11,65.0,58.5,65.0,58.75,60.25,56.25,56.25,58.5,59.5,57.25
ListLike-4.6.3,sys,0.828,0,11,65.0,58.5,65.0,58.75,60.25,56.25,56.25,58.5,59.5,57.25
loop-0.3.0,real,19.834,0,1,63.0,57.0,63.0,57.5,58.0,56.0,55.5,57.5,58.5,57.5
loop-0.3.0,user,19.666,0,1,63.0,57.0,63.0,57.5,58.0,56.0,55.5,57.5,58.5,57.5
loop-0.3.0,sys,0.169,0,1,63.0,57.0,63.0,57.5,58.0,56.0,55.5,57.5,58.5,57.5
loop-0.3.0,real,19.834,0,1,63.0,57.0,63.0,57.5,58.0,56.0,55.5,57.5,58.5,57.5
loop-0.3.0,user,19.666,0,1,63.0,57.0,63.0,57.5,58.0,56.0,55.5,57.5,58.5,57.5
loop-0.3.0,sys,0.169,0,1,63.0,57.0,63.0,57.5,58.0,56.0,55.5,57.5,58.5,57.5
loop-0.3.0,real,19.834,0,1,63.0,57.0,63.0,57.5,58.0,56.0,55.5,57.5,58.5,57.5
loop-0.3.0,user,19.666,0,1,63.0,57.0,63.0,57.5,58.0,56.0,55.5,57.5,58.5,57.5
loop-0.3.0,sys,0.169,0,1,63.0,57.0,63.0,57.5,58.0,56.0,55.5,57.5,58.5,57.5
loop-0.3.0,real,19.835,0,2,63.875,56.75,63.875,58.0,57.25,54.75,54.75,57.0,57.75,55.75
loop-0.3.0,user,19.701,0,2,63.875,56.75,63.875,58.0,57.25,54.75,54.75,57.0,57.75,55.75
loop-0.3.0,sys,0.143,0,2,63.875,56.75,63.875,58.0,57.25,54.75,54.75,57.0,57.75,55.75
loop-0.3.0,real,19.835,0,2,63.875,56.75,63.875,58.0,57.25,54.75,54.75,57.0,57.75,55.75
loop-0.3.0,user,19.701,0,2,63.875,56.75,63.875,58.0,57.25,54.75,54.75,57.0,57.75,55.75
loop-0.3.0,sys,0.143,0,2,63.875,56.75,63.875,58.0,57.25,54.75,54.75,57.0,57.75,55.75
loop-0.3.0,real,19.835,0,2,63.875,56.75,63.875,58.0,57.25,54.75,54.75,57.0,57.75,55.75
loop-0.3.0,user,19.701,0,2,63.875,56.75,63.875,58.0,57.25,54.75,54.75,57.0,57.75,55.75
loop-0.3.0,sys,0.143,0,2,63.875,56.75,63.875,58.0,57.25,54.75,54.75,57.0,57.75,55.75
loop-0.3.0,real,19.835,0,3,63.75,55.75,63.75,58.0,58.0,55.0,54.0,56.75,57.25,56.0
loop-0.3.0,user,19.708,0,3,63.75,55.75,63.75,58.0,58.0,55.0,54.0,56.75,57.25,56.0
loop-0.3.0,sys,0.134,0,3,63.75,55.75,63.75,58.0,58.0,55.0,54.0,56.75,57.25,56.0
loop-0.3.0,real,19.835,0,3,63.75,55.75,63.75,58.0,58.0,55.0,54.0,56.75,57.25,56.0
loop-0.3.0,user,19.708,0,3,63.75,55.75,63.75,58.0,58.0,55.0,54.0,56.75,57.25,56.0
loop-0.3.0,sys,0.134,0,3,63.75,55.75,63.75,58.0,58.0,55.0,54.0,56.75,57.25,56.0
loop-0.3.0,real,19.835,0,3,63.75,55.75,63.75,58.0,58.0,55.0,54.0,56.75,57.25,56.0
loop-0.3.0,user,19.708,0,3,63.75,55.75,63.75,58.0,58.0,55.0,54.0,56.75,57.25,56.0
loop-0.3.0,sys,0.134,0,3,63.75,55.75,63.75,58.0,58.0,55.0,54.0,56.75,57.25,56.0
loop-0.3.0,real,19.844,0,4,61.25,55.75,61.25,57.0,57.25,56.5,54.75,56.75,57.5,55.75
loop-0.3.0,user,19.731,0,4,61.25,55.75,61.25,57.0,57.25,56.5,54.75,56.75,57.5,55.75
loop-0.3.0,sys,0.124,0,4,61.25,55.75,61.25,57.0,57.25,56.5,54.75,56.75,57.5,55.75
loop-0.3.0,real,19.844,0,4,61.25,55.75,61.25,57.0,57.25,56.5,54.75,56.75,57.5,55.75
loop-0.3.0,user,19.731,0,4,61.25,55.75,61.25,57.0,57.25,56.5,54.75,56.75,57.5,55.75
loop-0.3.0,sys,0.124,0,4,61.25,55.75,61.25,57.0,57.25,56.5,54.75,56.75,57.5,55.75
loop-0.3.0,real,19.844,0,4,61.25,55.75,61.25,57.0,57.25,56.5,54.75,56.75,57.5,55.75
loop-0.3.0,user,19.731,0,4,61.25,55.75,61.25,57.0,57.25,56.5,54.75,56.75,57.5,55.75
loop-0.3.0,sys,0.124,0,4,61.25,55.75,61.25,57.0,57.25,56.5,54.75,56.75,57.5,55.75
loop-0.3.0,real,19.704,0,5,64.0,54.75,64.0,56.0,57.25,54.5,53.75,57.75,58.0,55.5
loop-0.3.0,user,19.607,0,5,64.0,54.75,64.0,56.0,57.25,54.5,53.75,57.75,58.0,55.5
loop-0.3.0,sys,0.108,0,5,64.0,54.75,64.0,56.0,57.25,54.5,53.75,57.75,58.0,55.5
loop-0.3.0,real,19.704,0,5,64.0,54.75,64.0,56.0,57.25,54.5,53.75,57.75,58.0,55.5
loop-0.3.0,user,19.607,0,5,64.0,54.75,64.0,56.0,57.25,54.5,53.75,57.75,58.0,55.5
loop-0.3.0,sys,0.108,0,5,64.0,54.75,64.0,56.0,57.25,54.5,53.75,57.75,58.0,55.5
loop-0.3.0,real,19.704,0,5,64.0,54.75,64.0,56.0,57.25,54.5,53.75,57.75,58.0,55.5
loop-0.3.0,user,19.607,0,5,64.0,54.75,64.0,56.0,57.25,54.5,53.75,57.75,58.0,55.5
loop-0.3.0,sys,0.108,0,5,64.0,54.75,64.0,56.0,57.25,54.5,53.75,57.75,58.0,55.5
loop-0.3.0,real,19.885,0,6,62.5,55.75,62.5,56.0,57.0,55.0,54.0,56.0,56.75,56.25
loop-0.3.0,user,19.772,0,6,62.5,55.75,62.5,56.0,57.0,55.0,54.0,56.0,56.75,56.25
loop-0.3.0,sys,0.124,0,6,62.5,55.75,62.5,56.0,57.0,55.0,54.0,56.0,56.75,56.25
loop-0.3.0,real,19.885,0,6,62.5,55.75,62.5,56.0,57.0,55.0,54.0,56.0,56.75,56.25
loop-0.3.0,user,19.772,0,6,62.5,55.75,62.5,56.0,57.0,55.0,54.0,56.0,56.75,56.25
loop-0.3.0,sys,0.124,0,6,62.5,55.75,62.5,56.0,57.0,55.0,54.0,56.0,56.75,56.25
loop-0.3.0,real,19.885,0,6,62.5,55.75,62.5,56.0,57.0,55.0,54.0,56.0,56.75,56.25
loop-0.3.0,user,19.772,0,6,62.5,55.75,62.5,56.0,57.0,55.0,54.0,56.0,56.75,56.25
loop-0.3.0,sys,0.124,0,6,62.5,55.75,62.5,56.0,57.0,55.0,54.0,56.0,56.75,56.25
loop-0.3.0,real,19.894,0,7,63.5,54.5,63.5,57.0,57.0,53.75,53.5,56.0,56.25,54.5
loop-0.3.0,user,19.775,0,7,63.5,54.5,63.5,57.0,57.0,53.75,53.5,56.0,56.25,54.5
loop-0.3.0,sys,0.132,0,7,63.5,54.5,63.5,57.0,57.0,53.75,53.5,56.0,56.25,54.5
loop-0.3.0,real,19.894,0,7,63.5,54.5,63.5,57.0,57.0,53.75,53.5,56.0,56.25,54.5
loop-0.3.0,user,19.775,0,7,63.5,54.5,63.5,57.0,57.0,53.75,53.5,56.0,56.25,54.5
loop-0.3.0,sys,0.132,0,7,63.5,54.5,63.5,57.0,57.0,53.75,53.5,56.0,56.25,54.5
loop-0.3.0,real,19.894,0,7,63.5,54.5,63.5,57.0,57.0,53.75,53.5,56.0,56.25,54.5
loop-0.3.0,user,19.775,0,7,63.5,54.5,63.5,57.0,57.0,53.75,53.5,56.0,56.25,54.5
loop-0.3.0,sys,0.132,0,7,63.5,54.5,63.5,57.0,57.0,53.75,53.5,56.0,56.25,54.5
loop-0.3.0,real,19.824,0,8,61.0,55.0,61.0,56.25,56.5,54.75,54.25,55.75,56.25,55.0
loop-0.3.0,user,19.715,0,8,61.0,55.0,61.0,56.25,56.5,54.75,54.25,55.75,56.25,55.0
loop-0.3.0,sys,0.108,0,8,61.0,55.0,61.0,56.25,56.5,54.75,54.25,55.75,56.25,55.0
loop-0.3.0,real,19.824,0,8,61.0,55.0,61.0,56.25,56.5,54.75,54.25,55.75,56.25,55.0
loop-0.3.0,user,19.715,0,8,61.0,55.0,61.0,56.25,56.5,54.75,54.25,55.75,56.25,55.0
loop-0.3.0,sys,0.108,0,8,61.0,55.0,61.0,56.25,56.5,54.75,54.25,55.75,56.25,55.0
loop-0.3.0,real,19.824,0,8,61.0,55.0,61.0,56.25,56.5,54.75,54.25,55.75,56.25,55.0
loop-0.3.0,user,19.715,0,8,61.0,55.0,61.0,56.25,56.5,54.75,54.25,55.75,56.25,55.0
loop-0.3.0,sys,0.108,0,8,61.0,55.0,61.0,56.25,56.5,54.75,54.25,55.75,56.25,55.0
loop-0.3.0,real,19.845,0,9,61.75,55.0,61.75,55.25,56.25,54.25,53.5,55.5,57.0,55.0
loop-0.3.0,user,19.747,0,9,61.75,55.0,61.75,55.25,56.25,54.25,53.5,55.5,57.0,55.0
loop-0.3.0,sys,0.105,0,9,61.75,55.0,61.75,55.25,56.25,54.25,53.5,55.5,57.0,55.0
loop-0.3.0,real,19.845,0,9,61.75,55.0,61.75,55.25,56.25,54.25,53.5,55.5,57.0,55.0
loop-0.3.0,user,19.747,0,9,61.75,55.0,61.75,55.25,56.25,54.25,53.5,55.5,57.0,55.0
loop-0.3.0,sys,0.105,0,9,61.75,55.0,61.75,55.25,56.25,54.25,53.5,55.5,57.0,55.0
loop-0.3.0,real,19.845,0,9,61.75,55.0,61.75,55.25,56.25,54.25,53.5,55.5,57.0,55.0
loop-0.3.0,user,19.747,0,9,61.75,55.0,61.75,55.25,56.25,54.25,53.5,55.5,57.0,55.0
loop-0.3.0,sys,0.105,0,9,61.75,55.0,61.75,55.25,56.25,54.25,53.5,55.5,57.0,55.0
loop-0.3.0,real,19.815,0,10,63.0,55.0,63.0,56.25,56.75,53.75,53.25,55.5,56.5,54.5
loop-0.3.0,user,19.693,0,10,63.0,55.0,63.0,56.25,56.75,53.75,53.25,55.5,56.5,54.5
loop-0.3.0,sys,0.132,0,10,63.0,55.0,63.0,56.25,56.75,53.75,53.25,55.5,56.5,54.5
loop-0.3.0,real,19.815,0,10,63.0,55.0,63.0,56.25,56.75,53.75,53.25,55.5,56.5,54.5
loop-0.3.0,user,19.693,0,10,63.0,55.0,63.0,56.25,56.75,53.75,53.25,55.5,56.5,54.5
loop-0.3.0,sys,0.132,0,10,63.0,55.0,63.0,56.25,56.75,53.75,53.25,55.5,56.5,54.5
loop-0.3.0,real,19.815,0,10,63.0,55.0,63.0,56.25,56.75,53.75,53.25,55.5,56.5,54.5
loop-0.3.0,user,19.693,0,10,63.0,55.0,63.0,56.25,56.75,53.75,53.25,55.5,56.5,54.5
loop-0.3.0,sys,0.132,0,10,63.0,55.0,63.0,56.25,56.75,53.75,53.25,55.5,56.5,54.5
loop-0.3.0,real,19.854,0,11,60.0,55.0,60.0,56.0,56.5,55.25,54.25,55.5,56.5,55.0
loop-0.3.0,user,19.739,0,11,60.0,55.0,60.0,56.0,56.5,55.25,54.25,55.5,56.5,55.0
loop-0.3.0,sys,0.117,0,11,60.0,55.0,60.0,56.0,56.5,55.25,54.25,55.5,56.5,55.0
loop-0.3.0,real,19.854,0,11,60.0,55.0,60.0,56.0,56.5,55.25,54.25,55.5,56.5,55.0
loop-0.3.0,user,19.739,0,11,60.0,55.0,60.0,56.0,56.5,55.25,54.25,55.5,56.5,55.0
loop-0.3.0,sys,0.117,0,11,60.0,55.0,60.0,56.0,56.5,55.25,54.25,55.5,56.5,55.0
loop-0.3.0,real,19.854,0,11,60.0,55.0,60.0,56.0,56.5,55.25,54.25,55.5,56.5,55.0
loop-0.3.0,user,19.739,0,11,60.0,55.0,60.0,56.0,56.5,55.25,54.25,55.5,56.5,55.0
loop-0.3.0,sys,0.117,0,11,60.0,55.0,60.0,56.0,56.5,55.25,54.25,55.5,56.5,55.0
metrics-0.4.1.1,real,57.994,0,1,64.125,61.0,64.125,62.0,62.0,59.25,59.25,61.5,62.5,61.25
metrics-0.4.1.1,user,558.608,0,1,64.125,61.0,64.125,62.0,62.0,59.25,59.25,61.5,62.5,61.25
metrics-0.4.1.1,sys,180.430,0,1,64.125,61.0,64.125,62.0,62.0,59.25,59.25,61.5,62.5,61.25
metrics-0.4.1.1,real,57.994,0,1,64.125,61.0,64.125,62.0,62.0,59.25,59.25,61.5,62.5,61.25
metrics-0.4.1.1,user,558.608,0,1,64.125,61.0,64.125,62.0,62.0,59.25,59.25,61.5,62.5,61.25
metrics-0.4.1.1,sys,180.430,0,1,64.125,61.0,64.125,62.0,62.0,59.25,59.25,61.5,62.5,61.25
metrics-0.4.1.1,real,57.994,0,1,64.125,61.0,64.125,62.0,62.0,59.25,59.25,61.5,62.5,61.25
metrics-0.4.1.1,user,558.608,0,1,64.125,61.0,64.125,62.0,62.0,59.25,59.25,61.5,62.5,61.25
metrics-0.4.1.1,sys,180.430,0,1,64.125,61.0,64.125,62.0,62.0,59.25,59.25,61.5,62.5,61.25
metrics-0.4.1.1,real,59.053,0,2,65.0,62.0,65.0,62.75,63.5,61.25,60.25,62.75,63.25,61.25
metrics-0.4.1.1,user,608.492,0,2,65.0,62.0,65.0,62.75,63.5,61.25,60.25,62.75,63.25,61.25
metrics-0.4.1.1,sys,169.402,0,2,65.0,62.0,65.0,62.75,63.5,61.25,60.25,62.75,63.25,61.25
metrics-0.4.1.1,real,59.053,0,2,65.0,62.0,65.0,62.75,63.5,61.25,60.25,62.75,63.25,61.25
metrics-0.4.1.1,user,608.492,0,2,65.0,62.0,65.0,62.75,63.5,61.25,60.25,62.75,63.25,61.25
metrics-0.4.1.1,sys,169.402,0,2,65.0,62.0,65.0,62.75,63.5,61.25,60.25,62.75,63.25,61.25
metrics-0.4.1.1,real,59.053,0,2,65.0,62.0,65.0,62.75,63.5,61.25,60.25,62.75,63.25,61.25
metrics-0.4.1.1,user,608.492,0,2,65.0,62.0,65.0,62.75,63.5,61.25,60.25,62.75,63.25,61.25
metrics-0.4.1.1,sys,169.402,0,2,65.0,62.0,65.0,62.75,63.5,61.25,60.25,62.75,63.25,61.25
metrics-0.4.1.1,real,57.523,0,3,65.625,62.5,65.625,63.25,63.5,61.25,60.5,63.0,63.75,62.5
metrics-0.4.1.1,user,578.402,0,3,65.625,62.5,65.625,63.25,63.5,61.25,60.5,63.0,63.75,62.5
metrics-0.4.1.1,sys,178.490,0,3,65.625,62.5,65.625,63.25,63.5,61.25,60.5,63.0,63.75,62.5
metrics-0.4.1.1,real,57.523,0,3,65.625,62.5,65.625,63.25,63.5,61.25,60.5,63.0,63.75,62.5
metrics-0.4.1.1,user,578.402,0,3,65.625,62.5,65.625,63.25,63.5,61.25,60.5,63.0,63.75,62.5
metrics-0.4.1.1,sys,178.490,0,3,65.625,62.5,65.625,63.25,63.5,61.25,60.5,63.0,63.75,62.5
metrics-0.4.1.1,real,57.523,0,3,65.625,62.5,65.625,63.25,63.5,61.25,60.5,63.0,63.75,62.5
metrics-0.4.1.1,user,578.402,0,3,65.625,62.5,65.625,63.25,63.5,61.25,60.5,63.0,63.75,62.5
metrics-0.4.1.1,sys,178.490,0,3,65.625,62.5,65.625,63.25,63.5,61.25,60.5,63.0,63.75,62.5
metrics-0.4.1.1,real,57.643,0,4,66.0,62.75,66.0,63.25,63.75,61.5,61.5,63.75,64.0,62.75
metrics-0.4.1.1,user,578.138,0,4,66.0,62.75,66.0,63.25,63.75,61.5,61.5,63.75,64.0,62.75
metrics-0.4.1.1,sys,185.991,0,4,66.0,62.75,66.0,63.25,63.75,61.5,61.5,63.75,64.0,62.75
metrics-0.4.1.1,real,57.643,0,4,66.0,62.75,66.0,63.25,63.75,61.5,61.5,63.75,64.0,62.75
metrics-0.4.1.1,user,578.138,0,4,66.0,62.75,66.0,63.25,63.75,61.5,61.5,63.75,64.0,62.75
metrics-0.4.1.1,sys,185.991,0,4,66.0,62.75,66.0,63.25,63.75,61.5,61.5,63.75,64.0,62.75
metrics-0.4.1.1,real,57.643,0,4,66.0,62.75,66.0,63.25,63.75,61.5,61.5,63.75,64.0,62.75
metrics-0.4.1.1,user,578.138,0,4,66.0,62.75,66.0,63.25,63.75,61.5,61.5,63.75,64.0,62.75
metrics-0.4.1.1,sys,185.991,0,4,66.0,62.75,66.0,63.25,63.75,61.5,61.5,63.75,64.0,62.75
metrics-0.4.1.1,real,58.523,0,5,66.625,63.25,66.625,64.0,64.5,62.25,62.0,64.25,64.5,63.25
metrics-0.4.1.1,user,594.093,0,5,66.625,63.25,66.625,64.0,64.5,62.25,62.0,64.25,64.5,63.25
metrics-0.4.1.1,sys,200.659,0,5,66.625,63.25,66.625,64.0,64.5,62.25,62.0,64.25,64.5,63.25
metrics-0.4.1.1,real,58.523,0,5,66.625,63.25,66.625,64.0,64.5,62.25,62.0,64.25,64.5,63.25
metrics-0.4.1.1,user,594.093,0,5,66.625,63.25,66.625,64.0,64.5,62.25,62.0,64.25,64.5,63.25
metrics-0.4.1.1,sys,200.659,0,5,66.625,63.25,66.625,64.0,64.5,62.25,62.0,64.25,64.5,63.25
metrics-0.4.1.1,real,58.523,0,5,66.625,63.25,66.625,64.0,64.5,62.25,62.0,64.25,64.5,63.25
metrics-0.4.1.1,user,594.093,0,5,66.625,63.25,66.625,64.0,64.5,62.25,62.0,64.25,64.5,63.25
metrics-0.4.1.1,sys,200.659,0,5,66.625,63.25,66.625,64.0,64.5,62.25,62.0,64.25,64.5,63.25
metrics-0.4.1.1,real,59.603,0,6,66.75,63.5,66.75,64.0,64.5,62.25,61.75,64.0,64.75,63.25
metrics-0.4.1.1,user,643.388,0,6,66.75,63.5,66.75,64.0,64.5,62.25,61.75,64.0,64.75,63.25
metrics-0.4.1.1,sys,165.756,0,6,66.75,63.5,66.75,64.0,64.5,62.25,61.75,64.0,64.75,63.25
metrics-0.4.1.1,real,59.603,0,6,66.75,63.5,66.75,64.0,64.5,62.25,61.75,64.0,64.75,63.25
metrics-0.4.1.1,user,643.388,0,6,66.75,63.5,66.75,64.0,64.5,62.25,61.75,64.0,64.75,63.25
metrics-0.4.1.1,sys,165.756,0,6,66.75,63.5,66.75,64.0,64.5,62.25,61.75,64.0,64.75,63.25
metrics-0.4.1.1,real,59.603,0,6,66.75,63.5,66.75,64.0,64.5,62.25,61.75,64.0,64.75,63.25
metrics-0.4.1.1,user,643.388,0,6,66.75,63.5,66.75,64.0,64.5,62.25,61.75,64.0,64.75,63.25
metrics-0.4.1.1,sys,165.756,0,6,66.75,63.5,66.75,64.0,64.5,62.25,61.75,64.0,64.75,63.25
metrics-0.4.1.1,real,58.313,0,7,67.0,63.25,67.0,64.25,65.0,62.25,61.75,64.0,65.0,63.5
metrics-0.4.1.1,user,577.873,0,7,67.0,63.25,67.0,64.25,65.0,62.25,61.75,64.0,65.0,63.5
metrics-0.4.1.1,sys,176.817,0,7,67.0,63.25,67.0,64.25,65.0,62.25,61.75,64.0,65.0,63.5
metrics-0.4.1.1,real,58.313,0,7,67.0,63.25,67.0,64.25,65.0,62.25,61.75,64.0,65.0,63.5
metrics-0.4.1.1,user,577.873,0,7,67.0,63.25,67.0,64.25,65.0,62.25,61.75,64.0,65.0,63.5
metrics-0.4.1.1,sys,176.817,0,7,67.0,63.25,67.0,64.25,65.0,62.25,61.75,64.0,65.0,63.5
metrics-0.4.1.1,real,58.313,0,7,67.0,63.25,67.0,64.25,65.0,62.25,61.75,64.0,65.0,63.5
metrics-0.4.1.1,user,577.873,0,7,67.0,63.25,67.0,64.25,65.0,62.25,61.75,64.0,65.0,63.5
metrics-0.4.1.1,sys,176.817,0,7,67.0,63.25,67.0,64.25,65.0,62.25,61.75,64.0,65.0,63.5
metrics-0.4.1.1,real,58.463,0,8,67.0,63.75,67.0,64.5,65.0,62.75,62.5,64.5,64.5,63.25
metrics-0.4.1.1,user,582.419,0,8,67.0,63.75,67.0,64.5,65.0,62.75,62.5,64.5,64.5,63.25
metrics-0.4.1.1,sys,184.798,0,8,67.0,63.75,67.0,64.5,65.0,62.75,62.5,64.5,64.5,63.25
metrics-0.4.1.1,real,58.463,0,8,67.0,63.75,67.0,64.5,65.0,62.75,62.5,64.5,64.5,63.25
metrics-0.4.1.1,user,582.419,0,8,67.0,63.75,67.0,64.5,65.0,62.75,62.5,64.5,64.5,63.25
metrics-0.4.1.1,sys,184.798,0,8,67.0,63.75,67.0,64.5,65.0,62.75,62.5,64.5,64.5,63.25
metrics-0.4.1.1,real,58.463,0,8,67.0,63.75,67.0,64.5,65.0,62.75,62.5,64.5,64.5,63.25
metrics-0.4.1.1,user,582.419,0,8,67.0,63.75,67.0,64.5,65.0,62.75,62.5,64.5,64.5,63.25
metrics-0.4.1.1,sys,184.798,0,8,67.0,63.75,67.0,64.5,65.0,62.75,62.5,64.5,64.5,63.25
metrics-0.4.1.1,real,58.623,0,9,67.125,63.75,67.125,64.25,65.25,63.0,62.5,64.0,65.25,63.5
metrics-0.4.1.1,user,641.788,0,9,67.125,63.75,67.125,64.25,65.25,63.0,62.5,64.0,65.25,63.5
metrics-0.4.1.1,sys,162.122,0,9,67.125,63.75,67.125,64.25,65.25,63.0,62.5,64.0,65.25,63.5
metrics-0.4.1.1,real,58.623,0,9,67.125,63.75,67.125,64.25,65.25,63.0,62.5,64.0,65.25,63.5
metrics-0.4.1.1,user,641.788,0,9,67.125,63.75,67.125,64.25,65.25,63.0,62.5,64.0,65.25,63.5
metrics-0.4.1.1,sys,162.122,0,9,67.125,63.75,67.125,64.25,65.25,63.0,62.5,64.0,65.25,63.5
metrics-0.4.1.1,real,58.623,0,9,67.125,63.75,67.125,64.25,65.25,63.0,62.5,64.0,65.25,63.5
metrics-0.4.1.1,user,641.788,0,9,67.125,63.75,67.125,64.25,65.25,63.0,62.5,64.0,65.25,63.5
metrics-0.4.1.1,sys,162.122,0,9,67.125,63.75,67.125,64.25,65.25,63.0,62.5,64.0,65.25,63.5
metrics-0.4.1.1,real,57.723,0,10,67.375,63.75,67.375,64.75,65.25,62.5,62.25,64.75,65.25,63.75
metrics-0.4.1.1,user,576.953,0,10,67.375,63.75,67.375,64.75,65.25,62.5,62.25,64.75,65.25,63.75
metrics-0.4.1.1,sys,188.133,0,10,67.375,63.75,67.375,64.75,65.25,62.5,62.25,64.75,65.25,63.75
metrics-0.4.1.1,real,57.723,0,10,67.375,63.75,67.375,64.75,65.25,62.5,62.25,64.75,65.25,63.75
metrics-0.4.1.1,user,576.953,0,10,67.375,63.75,67.375,64.75,65.25,62.5,62.25,64.75,65.25,63.75
metrics-0.4.1.1,sys,188.133,0,10,67.375,63.75,67.375,64.75,65.25,62.5,62.25,64.75,65.25,63.75
metrics-0.4.1.1,real,57.723,0,10,67.375,63.75,67.375,64.75,65.25,62.5,62.25,64.75,65.25,63.75
metrics-0.4.1.1,user,576.953,0,10,67.375,63.75,67.375,64.75,65.25,62.5,62.25,64.75,65.25,63.75
metrics-0.4.1.1,sys,188.133,0,10,67.375,63.75,67.375,64.75,65.25,62.5,62.25,64.75,65.25,63.75
metrics-0.4.1.1,real,59.083,0,11,67.5,64.0,67.5,64.5,65.25,62.5,62.5,64.75,65.25,63.5
metrics-0.4.1.1,user,630.085,0,11,67.5,64.0,67.5,64.5,65.25,62.5,62.5,64.75,65.25,63.5
metrics-0.4.1.1,sys,165.308,0,11,67.5,64.0,67.5,64.5,65.25,62.5,62.5,64.75,65.25,63.5
metrics-0.4.1.1,real,59.083,0,11,67.5,64.0,67.5,64.5,65.25,62.5,62.5,64.75,65.25,63.5
metrics-0.4.1.1,user,630.085,0,11,67.5,64.0,67.5,64.5,65.25,62.5,62.5,64.75,65.25,63.5
metrics-0.4.1.1,sys,165.308,0,11,67.5,64.0,67.5,64.5,65.25,62.5,62.5,64.75,65.25,63.5
metrics-0.4.1.1,real,59.083,0,11,67.5,64.0,67.5,64.5,65.25,62.5,62.5,64.75,65.25,63.5
metrics-0.4.1.1,user,630.085,0,11,67.5,64.0,67.5,64.5,65.25,62.5,62.5,64.75,65.25,63.5
metrics-0.4.1.1,sys,165.308,0,11,67.5,64.0,67.5,64.5,65.25,62.5,62.5,64.75,65.25,63.5
midi-0.2.2.2,real,19.033,0,1,65.25,61.0,65.25,61.25,61.75,60.25,59.25,61.25,61.5,60.5
midi-0.2.2.2,user,18.813,0,1,65.25,61.0,65.25,61.25,61.75,60.25,59.25,61.25,61.5,60.5
midi-0.2.2.2,sys,0.256,0,1,65.25,61.0,65.25,61.25,61.75,60.25,59.25,61.25,61.5,60.5
midi-0.2.2.2,real,19.033,0,1,65.25,61.0,65.25,61.25,61.75,60.25,59.25,61.25,61.5,60.5
midi-0.2.2.2,user,18.813,0,1,65.25,61.0,65.25,61.25,61.75,60.25,59.25,61.25,61.5,60.5
midi-0.2.2.2,sys,0.256,0,1,65.25,61.0,65.25,61.25,61.75,60.25,59.25,61.25,61.5,60.5
midi-0.2.2.2,real,19.033,0,1,65.25,61.0,65.25,61.25,61.75,60.25,59.25,61.25,61.5,60.5
midi-0.2.2.2,user,18.813,0,1,65.25,61.0,65.25,61.25,61.75,60.25,59.25,61.25,61.5,60.5
midi-0.2.2.2,sys,0.256,0,1,65.25,61.0,65.25,61.25,61.75,60.25,59.25,61.25,61.5,60.5
midi-0.2.2.2,real,18.943,0,2,63.75,60.25,63.75,61.25,61.0,59.25,59.5,60.5,61.5,60.25
midi-0.2.2.2,user,18.728,0,2,63.75,60.25,63.75,61.25,61.0,59.25,59.5,60.5,61.5,60.25
midi-0.2.2.2,sys,0.239,0,2,63.75,60.25,63.75,61.25,61.0,59.25,59.5,60.5,61.5,60.25
midi-0.2.2.2,real,18.943,0,2,63.75,60.25,63.75,61.25,61.0,59.25,59.5,60.5,61.5,60.25
midi-0.2.2.2,user,18.728,0,2,63.75,60.25,63.75,61.25,61.0,59.25,59.5,60.5,61.5,60.25
midi-0.2.2.2,sys,0.239,0,2,63.75,60.25,63.75,61.25,61.0,59.25,59.5,60.5,61.5,60.25
midi-0.2.2.2,real,18.943,0,2,63.75,60.25,63.75,61.25,61.0,59.25,59.5,60.5,61.5,60.25
midi-0.2.2.2,user,18.728,0,2,63.75,60.25,63.75,61.25,61.0,59.25,59.5,60.5,61.5,60.25
midi-0.2.2.2,sys,0.239,0,2,63.75,60.25,63.75,61.25,61.0,59.25,59.5,60.5,61.5,60.25
midi-0.2.2.2,real,18.963,0,3,65.625,59.25,65.625,60.25,60.75,60.25,58.25,61.0,60.75,59.5
midi-0.2.2.2,user,18.743,0,3,65.625,59.25,65.625,60.25,60.75,60.25,58.25,61.0,60.75,59.5
midi-0.2.2.2,sys,0.257,0,3,65.625,59.25,65.625,60.25,60.75,60.25,58.25,61.0,60.75,59.5
midi-0.2.2.2,real,18.963,0,3,65.625,59.25,65.625,60.25,60.75,60.25,58.25,61.0,60.75,59.5
midi-0.2.2.2,user,18.743,0,3,65.625,59.25,65.625,60.25,60.75,60.25,58.25,61.0,60.75,59.5
midi-0.2.2.2,sys,0.257,0,3,65.625,59.25,65.625,60.25,60.75,60.25,58.25,61.0,60.75,59.5
midi-0.2.2.2,real,18.963,0,3,65.625,59.25,65.625,60.25,60.75,60.25,58.25,61.0,60.75,59.5
midi-0.2.2.2,user,18.743,0,3,65.625,59.25,65.625,60.25,60.75,60.25,58.25,61.0,60.75,59.5
midi-0.2.2.2,sys,0.257,0,3,65.625,59.25,65.625,60.25,60.75,60.25,58.25,61.0,60.75,59.5
midi-0.2.2.2,real,18.993,0,4,64.75,59.5,64.75,59.75,61.5,58.0,57.75,60.25,60.5,60.0
midi-0.2.2.2,user,18.719,0,4,64.75,59.5,64.75,59.75,61.5,58.0,57.75,60.25,60.5,60.0
midi-0.2.2.2,sys,0.307,0,4,64.75,59.5,64.75,59.75,61.5,58.0,57.75,60.25,60.5,60.0
midi-0.2.2.2,real,18.993,0,4,64.75,59.5,64.75,59.75,61.5,58.0,57.75,60.25,60.5,60.0
midi-0.2.2.2,user,18.719,0,4,64.75,59.5,64.75,59.75,61.5,58.0,57.75,60.25,60.5,60.0
midi-0.2.2.2,sys,0.307,0,4,64.75,59.5,64.75,59.75,61.5,58.0,57.75,60.25,60.5,60.0
midi-0.2.2.2,real,18.993,0,4,64.75,59.5,64.75,59.75,61.5,58.0,57.75,60.25,60.5,60.0
midi-0.2.2.2,user,18.719,0,4,64.75,59.5,64.75,59.75,61.5,58.0,57.75,60.25,60.5,60.0
midi-0.2.2.2,sys,0.307,0,4,64.75,59.5,64.75,59.75,61.5,58.0,57.75,60.25,60.5,60.0
midi-0.2.2.2,real,18.953,0,5,65.375,60.0,65.375,59.75,60.0,57.5,57.25,59.5,60.0,59.25
midi-0.2.2.2,user,18.720,0,5,65.375,60.0,65.375,59.75,60.0,57.5,57.25,59.5,60.0,59.25
midi-0.2.2.2,sys,0.276,0,5,65.375,60.0,65.375,59.75,60.0,57.5,57.25,59.5,60.0,59.25
midi-0.2.2.2,real,18.953,0,5,65.375,60.0,65.375,59.75,60.0,57.5,57.25,59.5,60.0,59.25
midi-0.2.2.2,user,18.720,0,5,65.375,60.0,65.375,59.75,60.0,57.5,57.25,59.5,60.0,59.25
midi-0.2.2.2,sys,0.276,0,5,65.375,60.0,65.375,59.75,60.0,57.5,57.25,59.5,60.0,59.25
midi-0.2.2.2,real,18.953,0,5,65.375,60.0,65.375,59.75,60.0,57.5,57.25,59.5,60.0,59.25
midi-0.2.2.2,user,18.720,0,5,65.375,60.0,65.375,59.75,60.0,57.5,57.25,59.5,60.0,59.25
midi-0.2.2.2,sys,0.276,0,5,65.375,60.0,65.375,59.75,60.0,57.5,57.25,59.5,60.0,59.25
midi-0.2.2.2,real,19.043,0,6,66.0,59.0,66.0,59.25,60.75,57.5,57.5,59.5,60.25,58.75
midi-0.2.2.2,user,18.818,0,6,66.0,59.0,66.0,59.25,60.75,57.5,57.5,59.5,60.25,58.75
midi-0.2.2.2,sys,0.260,0,6,66.0,59.0,66.0,59.25,60.75,57.5,57.5,59.5,60.25,58.75
midi-0.2.2.2,real,19.043,0,6,66.0,59.0,66.0,59.25,60.75,57.5,57.5,59.5,60.25,58.75
midi-0.2.2.2,user,18.818,0,6,66.0,59.0,66.0,59.25,60.75,57.5,57.5,59.5,60.25,58.75
midi-0.2.2.2,sys,0.260,0,6,66.0,59.0,66.0,59.25,60.75,57.5,57.5,59.5,60.25,58.75
midi-0.2.2.2,real,19.043,0,6,66.0,59.0,66.0,59.25,60.75,57.5,57.5,59.5,60.25,58.75
midi-0.2.2.2,user,18.818,0,6,66.0,59.0,66.0,59.25,60.75,57.5,57.5,59.5,60.25,58.75
midi-0.2.2.2,sys,0.260,0,6,66.0,59.0,66.0,59.25,60.75,57.5,57.5,59.5,60.25,58.75
midi-0.2.2.2,real,19.003,0,7,62.75,59.0,62.75,59.25,60.0,57.75,57.5,58.75,59.75,58.0
midi-0.2.2.2,user,18.746,0,7,62.75,59.0,62.75,59.25,60.0,57.75,57.5,58.75,59.75,58.0
midi-0.2.2.2,sys,0.289,0,7,62.75,59.0,62.75,59.25,60.0,57.75,57.5,58.75,59.75,58.0
midi-0.2.2.2,real,19.003,0,7,62.75,59.0,62.75,59.25,60.0,57.75,57.5,58.75,59.75,58.0
midi-0.2.2.2,user,18.746,0,7,62.75,59.0,62.75,59.25,60.0,57.75,57.5,58.75,59.75,58.0
midi-0.2.2.2,sys,0.289,0,7,62.75,59.0,62.75,59.25,60.0,57.75,57.5,58.75,59.75,58.0
midi-0.2.2.2,real,19.003,0,7,62.75,59.0,62.75,59.25,60.0,57.75,57.5,58.75,59.75,58.0
midi-0.2.2.2,user,18.746,0,7,62.75,59.0,62.75,59.25,60.0,57.75,57.5,58.75,59.75,58.0
midi-0.2.2.2,sys,0.289,0,7,62.75,59.0,62.75,59.25,60.0,57.75,57.5,58.75,59.75,58.0
midi-0.2.2.2,real,18.823,0,8,65.75,58.0,65.75,58.5,59.5,57.0,56.5,59.0,60.25,57.75
midi-0.2.2.2,user,18.557,0,8,65.75,58.0,65.75,58.5,59.5,57.0,56.5,59.0,60.25,57.75
midi-0.2.2.2,sys,0.303,0,8,65.75,58.0,65.75,58.5,59.5,57.0,56.5,59.0,60.25,57.75
midi-0.2.2.2,real,18.823,0,8,65.75,58.0,65.75,58.5,59.5,57.0,56.5,59.0,60.25,57.75
midi-0.2.2.2,user,18.557,0,8,65.75,58.0,65.75,58.5,59.5,57.0,56.5,59.0,60.25,57.75
midi-0.2.2.2,sys,0.303,0,8,65.75,58.0,65.75,58.5,59.5,57.0,56.5,59.0,60.25,57.75
midi-0.2.2.2,real,18.823,0,8,65.75,58.0,65.75,58.5,59.5,57.0,56.5,59.0,60.25,57.75
midi-0.2.2.2,user,18.557,0,8,65.75,58.0,65.75,58.5,59.5,57.0,56.5,59.0,60.25,57.75
midi-0.2.2.2,sys,0.303,0,8,65.75,58.0,65.75,58.5,59.5,57.0,56.5,59.0,60.25,57.75
midi-0.2.2.2,real,18.993,0,9,63.5,58.75,63.5,58.25,59.5,57.25,57.0,58.5,59.75,58.5
midi-0.2.2.2,user,18.761,0,9,63.5,58.75,63.5,58.25,59.5,57.25,57.0,58.5,59.75,58.5
midi-0.2.2.2,sys,0.272,0,9,63.5,58.75,63.5,58.25,59.5,57.25,57.0,58.5,59.75,58.5
midi-0.2.2.2,real,18.993,0,9,63.5,58.75,63.5,58.25,59.5,57.25,57.0,58.5,59.75,58.5
midi-0.2.2.2,user,18.761,0,9,63.5,58.75,63.5,58.25,59.5,57.25,57.0,58.5,59.75,58.5
midi-0.2.2.2,sys,0.272,0,9,63.5,58.75,63.5,58.25,59.5,57.25,57.0,58.5,59.75,58.5
midi-0.2.2.2,real,18.993,0,9,63.5,58.75,63.5,58.25,59.5,57.25,57.0,58.5,59.75,58.5
midi-0.2.2.2,user,18.761,0,9,63.5,58.75,63.5,58.25,59.5,57.25,57.0,58.5,59.75,58.5
midi-0.2.2.2,sys,0.272,0,9,63.5,58.75,63.5,58.25,59.5,57.25,57.0,58.5,59.75,58.5
midi-0.2.2.2,real,18.943,0,10,64.5,57.5,64.5,58.5,59.75,56.25,56.25,58.5,58.75,57.0
midi-0.2.2.2,user,18.728,0,10,64.5,57.5,64.5,58.5,59.75,56.25,56.25,58.5,58.75,57.0
midi-0.2.2.2,sys,0.257,0,10,64.5,57.5,64.5,58.5,59.75,56.25,56.25,58.5,58.75,57.0
midi-0.2.2.2,real,18.943,0,10,64.5,57.5,64.5,58.5,59.75,56.25,56.25,58.5,58.75,57.0
midi-0.2.2.2,user,18.728,0,10,64.5,57.5,64.5,58.5,59.75,56.25,56.25,58.5,58.75,57.0
midi-0.2.2.2,sys,0.257,0,10,64.5,57.5,64.5,58.5,59.75,56.25,56.25,58.5,58.75,57.0
midi-0.2.2.2,real,18.943,0,10,64.5,57.5,64.5,58.5,59.75,56.25,56.25,58.5,58.75,57.0
midi-0.2.2.2,user,18.728,0,10,64.5,57.5,64.5,58.5,59.75,56.25,56.25,58.5,58.75,57.0
midi-0.2.2.2,sys,0.257,0,10,64.5,57.5,64.5,58.5,59.75,56.25,56.25,58.5,58.75,57.0
midi-0.2.2.2,real,18.983,0,11,61.875,57.5,61.875,58.25,59.25,56.75,57.25,58.25,59.0,57.75
midi-0.2.2.2,user,18.723,0,11,61.875,57.5,61.875,58.25,59.25,56.75,57.25,58.25,59.0,57.75
midi-0.2.2.2,sys,0.289,0,11,61.875,57.5,61.875,58.25,59.25,56.75,57.25,58.25,59.0,57.75
midi-0.2.2.2,real,18.983,0,11,61.875,57.5,61.875,58.25,59.25,56.75,57.25,58.25,59.0,57.75
midi-0.2.2.2,user,18.723,0,11,61.875,57.5,61.875,58.25,59.25,56.75,57.25,58.25,59.0,57.75
midi-0.2.2.2,sys,0.289,0,11,61.875,57.5,61.875,58.25,59.25,56.75,57.25,58.25,59.0,57.75
midi-0.2.2.2,real,18.983,0,11,61.875,57.5,61.875,58.25,59.25,56.75,57.25,58.25,59.0,57.75
midi-0.2.2.2,user,18.723,0,11,61.875,57.5,61.875,58.25,59.25,56.75,57.25,58.25,59.0,57.75
midi-0.2.2.2,sys,0.289,0,11,61.875,57.5,61.875,58.25,59.25,56.75,57.25,58.25,59.0,57.75
monoid-subclasses-1.0.1,real,36.423,0,1,62.5,57.75,62.5,57.5,58.25,56.0,55.5,57.5,58.25,57.25
monoid-subclasses-1.0.1,user,36.379,0,1,62.5,57.75,62.5,57.5,58.25,56.0,55.5,57.5,58.25,57.25
monoid-subclasses-1.0.1,sys,0.169,0,1,62.5,57.75,62.5,57.5,58.25,56.0,55.5,57.5,58.25,57.25
monoid-subclasses-1.0.1,real,36.423,0,1,62.5,57.75,62.5,57.5,58.25,56.0,55.5,57.5,58.25,57.25
monoid-subclasses-1.0.1,user,36.379,0,1,62.5,57.75,62.5,57.5,58.25,56.0,55.5,57.5,58.25,57.25
monoid-subclasses-1.0.1,sys,0.169,0,1,62.5,57.75,62.5,57.5,58.25,56.0,55.5,57.5,58.25,57.25
monoid-subclasses-1.0.1,real,36.423,0,1,62.5,57.75,62.5,57.5,58.25,56.0,55.5,57.5,58.25,57.25
monoid-subclasses-1.0.1,user,36.379,0,1,62.5,57.75,62.5,57.5,58.25,56.0,55.5,57.5,58.25,57.25
monoid-subclasses-1.0.1,sys,0.169,0,1,62.5,57.75,62.5,57.5,58.25,56.0,55.5,57.5,58.25,57.25
monoid-subclasses-1.0.1,real,36.713,0,2,64.0,56.5,64.0,58.5,59.25,56.0,55.25,58.0,58.0,56.0
monoid-subclasses-1.0.1,user,36.640,0,2,64.0,56.5,64.0,58.5,59.25,56.0,55.25,58.0,58.0,56.0
monoid-subclasses-1.0.1,sys,0.209,0,2,64.0,56.5,64.0,58.5,59.25,56.0,55.25,58.0,58.0,56.0
monoid-subclasses-1.0.1,real,36.713,0,2,64.0,56.5,64.0,58.5,59.25,56.0,55.25,58.0,58.0,56.0
monoid-subclasses-1.0.1,user,36.640,0,2,64.0,56.5,64.0,58.5,59.25,56.0,55.25,58.0,58.0,56.0
monoid-subclasses-1.0.1,sys,0.209,0,2,64.0,56.5,64.0,58.5,59.25,56.0,55.25,58.0,58.0,56.0
monoid-subclasses-1.0.1,real,36.713,0,2,64.0,56.5,64.0,58.5,59.25,56.0,55.25,58.0,58.0,56.0
monoid-subclasses-1.0.1,user,36.640,0,2,64.0,56.5,64.0,58.5,59.25,56.0,55.25,58.0,58.0,56.0
monoid-subclasses-1.0.1,sys,0.209,0,2,64.0,56.5,64.0,58.5,59.25,56.0,55.25,58.0,58.0,56.0
monoid-subclasses-1.0.1,real,36.583,0,3,60.5,56.5,60.5,57.5,58.0,56.0,55.75,57.5,57.75,56.25
monoid-subclasses-1.0.1,user,36.515,0,3,60.5,56.5,60.5,57.5,58.0,56.0,55.75,57.5,57.75,56.25
monoid-subclasses-1.0.1,sys,0.201,0,3,60.5,56.5,60.5,57.5,58.0,56.0,55.75,57.5,57.75,56.25
monoid-subclasses-1.0.1,real,36.583,0,3,60.5,56.5,60.5,57.5,58.0,56.0,55.75,57.5,57.75,56.25
monoid-subclasses-1.0.1,user,36.515,0,3,60.5,56.5,60.5,57.5,58.0,56.0,55.75,57.5,57.75,56.25
monoid-subclasses-1.0.1,sys,0.201,0,3,60.5,56.5,60.5,57.5,58.0,56.0,55.75,57.5,57.75,56.25
monoid-subclasses-1.0.1,real,36.583,0,3,60.5,56.5,60.5,57.5,58.0,56.0,55.75,57.5,57.75,56.25
monoid-subclasses-1.0.1,user,36.515,0,3,60.5,56.5,60.5,57.5,58.0,56.0,55.75,57.5,57.75,56.25
monoid-subclasses-1.0.1,sys,0.201,0,3,60.5,56.5,60.5,57.5,58.0,56.0,55.75,57.5,57.75,56.25
monoid-subclasses-1.0.1,real,36.203,0,4,63.75,56.0,63.75,57.5,57.75,55.0,55.0,57.5,58.0,56.0
monoid-subclasses-1.0.1,user,36.111,0,4,63.75,56.0,63.75,57.5,57.75,55.0,55.0,57.5,58.0,56.0
monoid-subclasses-1.0.1,sys,0.205,0,4,63.75,56.0,63.75,57.5,57.75,55.0,55.0,57.5,58.0,56.0
monoid-subclasses-1.0.1,real,36.203,0,4,63.75,56.0,63.75,57.5,57.75,55.0,55.0,57.5,58.0,56.0
monoid-subclasses-1.0.1,user,36.111,0,4,63.75,56.0,63.75,57.5,57.75,55.0,55.0,57.5,58.0,56.0
monoid-subclasses-1.0.1,sys,0.205,0,4,63.75,56.0,63.75,57.5,57.75,55.0,55.0,57.5,58.0,56.0
monoid-subclasses-1.0.1,real,36.203,0,4,63.75,56.0,63.75,57.5,57.75,55.0,55.0,57.5,58.0,56.0
monoid-subclasses-1.0.1,user,36.111,0,4,63.75,56.0,63.75,57.5,57.75,55.0,55.0,57.5,58.0,56.0
monoid-subclasses-1.0.1,sys,0.205,0,4,63.75,56.0,63.75,57.5,57.75,55.0,55.0,57.5,58.0,56.0
monoid-subclasses-1.0.1,real,36.343,0,5,63.0,57.25,63.0,56.75,57.25,55.75,55.25,56.75,58.25,56.75
monoid-subclasses-1.0.1,user,36.279,0,5,63.0,57.25,63.0,56.75,57.25,55.75,55.25,56.75,58.25,56.75
monoid-subclasses-1.0.1,sys,0.196,0,5,63.0,57.25,63.0,56.75,57.25,55.75,55.25,56.75,58.25,56.75
monoid-subclasses-1.0.1,real,36.343,0,5,63.0,57.25,63.0,56.75,57.25,55.75,55.25,56.75,58.25,56.75
monoid-subclasses-1.0.1,user,36.279,0,5,63.0,57.25,63.0,56.75,57.25,55.75,55.25,56.75,58.25,56.75
monoid-subclasses-1.0.1,sys,0.196,0,5,63.0,57.25,63.0,56.75,57.25,55.75,55.25,56.75,58.25,56.75
monoid-subclasses-1.0.1,real,36.343,0,5,63.0,57.25,63.0,56.75,57.25,55.75,55.25,56.75,58.25,56.75
monoid-subclasses-1.0.1,user,36.279,0,5,63.0,57.25,63.0,56.75,57.25,55.75,55.25,56.75,58.25,56.75
monoid-subclasses-1.0.1,sys,0.196,0,5,63.0,57.25,63.0,56.75,57.25,55.75,55.25,56.75,58.25,56.75
monoid-subclasses-1.0.1,real,36.404,0,6,63.5,57.25,63.5,57.25,58.0,55.5,55.0,56.5,57.5,55.75
monoid-subclasses-1.0.1,user,36.340,0,6,63.5,57.25,63.5,57.25,58.0,55.5,55.0,56.5,57.5,55.75
monoid-subclasses-1.0.1,sys,0.195,0,6,63.5,57.25,63.5,57.25,58.0,55.5,55.0,56.5,57.5,55.75
monoid-subclasses-1.0.1,real,36.404,0,6,63.5,57.25,63.5,57.25,58.0,55.5,55.0,56.5,57.5,55.75
monoid-subclasses-1.0.1,user,36.340,0,6,63.5,57.25,63.5,57.25,58.0,55.5,55.0,56.5,57.5,55.75
monoid-subclasses-1.0.1,sys,0.195,0,6,63.5,57.25,63.5,57.25,58.0,55.5,55.0,56.5,57.5,55.75
monoid-subclasses-1.0.1,real,36.404,0,6,63.5,57.25,63.5,57.25,58.0,55.5,55.0,56.5,57.5,55.75
monoid-subclasses-1.0.1,user,36.340,0,6,63.5,57.25,63.5,57.25,58.0,55.5,55.0,56.5,57.5,55.75
monoid-subclasses-1.0.1,sys,0.195,0,6,63.5,57.25,63.5,57.25,58.0,55.5,55.0,56.5,57.5,55.75
monoid-subclasses-1.0.1,real,36.503,0,7,60.25,56.5,60.25,57.0,57.75,55.0,55.5,57.0,57.75,55.5
monoid-subclasses-1.0.1,user,36.468,0,7,60.25,56.5,60.25,57.0,57.75,55.0,55.5,57.0,57.75,55.5
monoid-subclasses-1.0.1,sys,0.165,0,7,60.25,56.5,60.25,57.0,57.75,55.0,55.5,57.0,57.75,55.5
monoid-subclasses-1.0.1,real,36.503,0,7,60.25,56.5,60.25,57.0,57.75,55.0,55.5,57.0,57.75,55.5
monoid-subclasses-1.0.1,user,36.468,0,7,60.25,56.5,60.25,57.0,57.75,55.0,55.5,57.0,57.75,55.5
monoid-subclasses-1.0.1,sys,0.165,0,7,60.25,56.5,60.25,57.0,57.75,55.0,55.5,57.0,57.75,55.5
monoid-subclasses-1.0.1,real,36.503,0,7,60.25,56.5,60.25,57.0,57.75,55.0,55.5,57.0,57.75,55.5
monoid-subclasses-1.0.1,user,36.468,0,7,60.25,56.5,60.25,57.0,57.75,55.0,55.5,57.0,57.75,55.5
monoid-subclasses-1.0.1,sys,0.165,0,7,60.25,56.5,60.25,57.0,57.75,55.0,55.5,57.0,57.75,55.5
monoid-subclasses-1.0.1,real,35.933,0,8,63.0,55.75,63.0,57.5,57.25,55.0,56.75,56.75,57.5,55.5
monoid-subclasses-1.0.1,user,35.834,0,8,63.0,55.75,63.0,57.5,57.25,55.0,56.75,56.75,57.5,55.5
monoid-subclasses-1.0.1,sys,0.225,0,8,63.0,55.75,63.0,57.5,57.25,55.0,56.75,56.75,57.5,55.5
monoid-subclasses-1.0.1,real,35.933,0,8,63.0,55.75,63.0,57.5,57.25,55.0,56.75,56.75,57.5,55.5
monoid-subclasses-1.0.1,user,35.834,0,8,63.0,55.75,63.0,57.5,57.25,55.0,56.75,56.75,57.5,55.5
monoid-subclasses-1.0.1,sys,0.225,0,8,63.0,55.75,63.0,57.5,57.25,55.0,56.75,56.75,57.5,55.5
monoid-subclasses-1.0.1,real,35.933,0,8,63.0,55.75,63.0,57.5,57.25,55.0,56.75,56.75,57.5,55.5
monoid-subclasses-1.0.1,user,35.834,0,8,63.0,55.75,63.0,57.5,57.25,55.0,56.75,56.75,57.5,55.5
monoid-subclasses-1.0.1,sys,0.225,0,8,63.0,55.75,63.0,57.5,57.25,55.0,56.75,56.75,57.5,55.5
monoid-subclasses-1.0.1,real,36.133,0,9,61.5,56.75,61.5,56.5,57.5,55.25,55.0,56.75,57.75,56.75
monoid-subclasses-1.0.1,user,36.051,0,9,61.5,56.75,61.5,56.5,57.5,55.25,55.0,56.75,57.75,56.75
monoid-subclasses-1.0.1,sys,0.208,0,9,61.5,56.75,61.5,56.5,57.5,55.25,55.0,56.75,57.75,56.75
monoid-subclasses-1.0.1,real,36.133,0,9,61.5,56.75,61.5,56.5,57.5,55.25,55.0,56.75,57.75,56.75
monoid-subclasses-1.0.1,user,36.051,0,9,61.5,56.75,61.5,56.5,57.5,55.25,55.0,56.75,57.75,56.75
monoid-subclasses-1.0.1,sys,0.208,0,9,61.5,56.75,61.5,56.5,57.5,55.25,55.0,56.75,57.75,56.75
monoid-subclasses-1.0.1,real,36.133,0,9,61.5,56.75,61.5,56.5,57.5,55.25,55.0,56.75,57.75,56.75
monoid-subclasses-1.0.1,user,36.051,0,9,61.5,56.75,61.5,56.5,57.5,55.25,55.0,56.75,57.75,56.75
monoid-subclasses-1.0.1,sys,0.208,0,9,61.5,56.75,61.5,56.5,57.5,55.25,55.0,56.75,57.75,56.75
monoid-subclasses-1.0.1,real,36.623,0,10,63.0,56.0,63.0,57.0,58.25,54.75,54.75,56.75,57.5,55.5
monoid-subclasses-1.0.1,user,36.530,0,10,63.0,56.0,63.0,57.0,58.25,54.75,54.75,56.75,57.5,55.5
monoid-subclasses-1.0.1,sys,0.220,0,10,63.0,56.0,63.0,57.0,58.25,54.75,54.75,56.75,57.5,55.5
monoid-subclasses-1.0.1,real,36.623,0,10,63.0,56.0,63.0,57.0,58.25,54.75,54.75,56.75,57.5,55.5
monoid-subclasses-1.0.1,user,36.530,0,10,63.0,56.0,63.0,57.0,58.25,54.75,54.75,56.75,57.5,55.5
monoid-subclasses-1.0.1,sys,0.220,0,10,63.0,56.0,63.0,57.0,58.25,54.75,54.75,56.75,57.5,55.5
monoid-subclasses-1.0.1,real,36.623,0,10,63.0,56.0,63.0,57.0,58.25,54.75,54.75,56.75,57.5,55.5
monoid-subclasses-1.0.1,user,36.530,0,10,63.0,56.0,63.0,57.0,58.25,54.75,54.75,56.75,57.5,55.5
monoid-subclasses-1.0.1,sys,0.220,0,10,63.0,56.0,63.0,57.0,58.25,54.75,54.75,56.75,57.5,55.5
monoid-subclasses-1.0.1,real,36.463,0,11,60.0,55.5,60.0,56.75,58.75,55.25,55.25,56.5,57.0,56.25
monoid-subclasses-1.0.1,user,36.379,0,11,60.0,55.5,60.0,56.75,58.75,55.25,55.25,56.5,57.0,56.25
monoid-subclasses-1.0.1,sys,0.216,0,11,60.0,55.5,60.0,56.75,58.75,55.25,55.25,56.5,57.0,56.25
monoid-subclasses-1.0.1,real,36.463,0,11,60.0,55.5,60.0,56.75,58.75,55.25,55.25,56.5,57.0,56.25
monoid-subclasses-1.0.1,user,36.379,0,11,60.0,55.5,60.0,56.75,58.75,55.25,55.25,56.5,57.0,56.25
monoid-subclasses-1.0.1,sys,0.216,0,11,60.0,55.5,60.0,56.75,58.75,55.25,55.25,56.5,57.0,56.25
monoid-subclasses-1.0.1,real,36.463,0,11,60.0,55.5,60.0,56.75,58.75,55.25,55.25,56.5,57.0,56.25
monoid-subclasses-1.0.1,user,36.379,0,11,60.0,55.5,60.0,56.75,58.75,55.25,55.25,56.5,57.0,56.25
monoid-subclasses-1.0.1,sys,0.216,0,11,60.0,55.5,60.0,56.75,58.75,55.25,55.25,56.5,57.0,56.25
nonempty-containers-0.3.3.0,real,4.485,0,1,63.375,59.75,63.375,60.5,60.5,58.25,57.75,60.25,62.0,59.25
nonempty-containers-0.3.3.0,user,346.552,0,1,63.375,59.75,63.375,60.5,60.5,58.25,57.75,60.25,62.0,59.25
nonempty-containers-0.3.3.0,sys,36.169,0,1,63.375,59.75,63.375,60.5,60.5,58.25,57.75,60.25,62.0,59.25
nonempty-containers-0.3.3.0,real,4.485,0,1,63.375,59.75,63.375,60.5,60.5,58.25,57.75,60.25,62.0,59.25
nonempty-containers-0.3.3.0,user,346.552,0,1,63.375,59.75,63.375,60.5,60.5,58.25,57.75,60.25,62.0,59.25
nonempty-containers-0.3.3.0,sys,36.169,0,1,63.375,59.75,63.375,60.5,60.5,58.25,57.75,60.25,62.0,59.25
nonempty-containers-0.3.3.0,real,4.485,0,1,63.375,59.75,63.375,60.5,60.5,58.25,57.75,60.25,62.0,59.25
nonempty-containers-0.3.3.0,user,346.552,0,1,63.375,59.75,63.375,60.5,60.5,58.25,57.75,60.25,62.0,59.25
nonempty-containers-0.3.3.0,sys,36.169,0,1,63.375,59.75,63.375,60.5,60.5,58.25,57.75,60.25,62.0,59.25
nonempty-containers-0.3.3.0,real,4.274,0,2,64.125,60.75,64.125,60.75,61.25,58.5,58.5,60.5,61.25,59.5
nonempty-containers-0.3.3.0,user,341.209,0,2,64.125,60.75,64.125,60.75,61.25,58.5,58.5,60.5,61.25,59.5
nonempty-containers-0.3.3.0,sys,25.696,0,2,64.125,60.75,64.125,60.75,61.25,58.5,58.5,60.5,61.25,59.5
nonempty-containers-0.3.3.0,real,4.274,0,2,64.125,60.75,64.125,60.75,61.25,58.5,58.5,60.5,61.25,59.5
nonempty-containers-0.3.3.0,user,341.209,0,2,64.125,60.75,64.125,60.75,61.25,58.5,58.5,60.5,61.25,59.5
nonempty-containers-0.3.3.0,sys,25.696,0,2,64.125,60.75,64.125,60.75,61.25,58.5,58.5,60.5,61.25,59.5
nonempty-containers-0.3.3.0,real,4.274,0,2,64.125,60.75,64.125,60.75,61.25,58.5,58.5,60.5,61.25,59.5
nonempty-containers-0.3.3.0,user,341.209,0,2,64.125,60.75,64.125,60.75,61.25,58.5,58.5,60.5,61.25,59.5
nonempty-containers-0.3.3.0,sys,25.696,0,2,64.125,60.75,64.125,60.75,61.25,58.5,58.5,60.5,61.25,59.5
nonempty-containers-0.3.3.0,real,4.364,0,3,64.75,60.75,64.75,62.25,62.25,59.75,59.25,61.0,62.0,60.25
nonempty-containers-0.3.3.0,user,348.191,0,3,64.75,60.75,64.75,62.25,62.25,59.75,59.25,61.0,62.0,60.25
nonempty-containers-0.3.3.0,sys,34.785,0,3,64.75,60.75,64.75,62.25,62.25,59.75,59.25,61.0,62.0,60.25
nonempty-containers-0.3.3.0,real,4.364,0,3,64.75,60.75,64.75,62.25,62.25,59.75,59.25,61.0,62.0,60.25
nonempty-containers-0.3.3.0,user,348.191,0,3,64.75,60.75,64.75,62.25,62.25,59.75,59.25,61.0,62.0,60.25
nonempty-containers-0.3.3.0,sys,34.785,0,3,64.75,60.75,64.75,62.25,62.25,59.75,59.25,61.0,62.0,60.25
nonempty-containers-0.3.3.0,real,4.364,0,3,64.75,60.75,64.75,62.25,62.25,59.75,59.25,61.0,62.0,60.25
nonempty-containers-0.3.3.0,user,348.191,0,3,64.75,60.75,64.75,62.25,62.25,59.75,59.25,61.0,62.0,60.25
nonempty-containers-0.3.3.0,sys,34.785,0,3,64.75,60.75,64.75,62.25,62.25,59.75,59.25,61.0,62.0,60.25
nonempty-containers-0.3.3.0,real,4.564,0,4,65.375,61.5,65.375,62.5,62.5,60.0,59.75,63.0,62.75,61.5
nonempty-containers-0.3.3.0,user,357.234,0,4,65.375,61.5,65.375,62.5,62.5,60.0,59.75,63.0,62.75,61.5
nonempty-containers-0.3.3.0,sys,31.902,0,4,65.375,61.5,65.375,62.5,62.5,60.0,59.75,63.0,62.75,61.5
nonempty-containers-0.3.3.0,real,4.564,0,4,65.375,61.5,65.375,62.5,62.5,60.0,59.75,63.0,62.75,61.5
nonempty-containers-0.3.3.0,user,357.234,0,4,65.375,61.5,65.375,62.5,62.5,60.0,59.75,63.0,62.75,61.5
nonempty-containers-0.3.3.0,sys,31.902,0,4,65.375,61.5,65.375,62.5,62.5,60.0,59.75,63.0,62.75,61.5
nonempty-containers-0.3.3.0,real,4.564,0,4,65.375,61.5,65.375,62.5,62.5,60.0,59.75,63.0,62.75,61.5
nonempty-containers-0.3.3.0,user,357.234,0,4,65.375,61.5,65.375,62.5,62.5,60.0,59.75,63.0,62.75,61.5
nonempty-containers-0.3.3.0,sys,31.902,0,4,65.375,61.5,65.375,62.5,62.5,60.0,59.75,63.0,62.75,61.5
nonempty-containers-0.3.3.0,real,4.674,0,5,66.125,62.5,66.125,62.75,63.5,61.0,60.5,62.75,64.25,62.0
nonempty-containers-0.3.3.0,user,375.005,0,5,66.125,62.5,66.125,62.75,63.5,61.0,60.5,62.75,64.25,62.0
nonempty-containers-0.3.3.0,sys,30.997,0,5,66.125,62.5,66.125,62.75,63.5,61.0,60.5,62.75,64.25,62.0
nonempty-containers-0.3.3.0,real,4.674,0,5,66.125,62.5,66.125,62.75,63.5,61.0,60.5,62.75,64.25,62.0
nonempty-containers-0.3.3.0,user,375.005,0,5,66.125,62.5,66.125,62.75,63.5,61.0,60.5,62.75,64.25,62.0
nonempty-containers-0.3.3.0,sys,30.997,0,5,66.125,62.5,66.125,62.75,63.5,61.0,60.5,62.75,64.25,62.0
nonempty-containers-0.3.3.0,real,4.674,0,5,66.125,62.5,66.125,62.75,63.5,61.0,60.5,62.75,64.25,62.0
nonempty-containers-0.3.3.0,user,375.005,0,5,66.125,62.5,66.125,62.75,63.5,61.0,60.5,62.75,64.25,62.0
nonempty-containers-0.3.3.0,sys,30.997,0,5,66.125,62.5,66.125,62.75,63.5,61.0,60.5,62.75,64.25,62.0
nonempty-containers-0.3.3.0,real,4.824,0,6,66.875,62.5,66.875,63.25,63.75,61.5,61.0,63.0,63.75,63.0
nonempty-containers-0.3.3.0,user,386.270,0,6,66.875,62.5,66.875,63.25,63.75,61.5,61.0,63.0,63.75,63.0
nonempty-containers-0.3.3.0,sys,33.504,0,6,66.875,62.5,66.875,63.25,63.75,61.5,61.0,63.0,63.75,63.0
nonempty-containers-0.3.3.0,real,4.824,0,6,66.875,62.5,66.875,63.25,63.75,61.5,61.0,63.0,63.75,63.0
nonempty-containers-0.3.3.0,user,386.270,0,6,66.875,62.5,66.875,63.25,63.75,61.5,61.0,63.0,63.75,63.0
nonempty-containers-0.3.3.0,sys,33.504,0,6,66.875,62.5,66.875,63.25,63.75,61.5,61.0,63.0,63.75,63.0
nonempty-containers-0.3.3.0,real,4.824,0,6,66.875,62.5,66.875,63.25,63.75,61.5,61.0,63.0,63.75,63.0
nonempty-containers-0.3.3.0,user,386.270,0,6,66.875,62.5,66.875,63.25,63.75,61.5,61.0,63.0,63.75,63.0
nonempty-containers-0.3.3.0,sys,33.504,0,6,66.875,62.5,66.875,63.25,63.75,61.5,61.0,63.0,63.75,63.0
nonempty-containers-0.3.3.0,real,4.534,0,7,67.25,63.0,67.25,63.5,66.0,62.0,61.0,63.25,64.0,62.75
nonempty-containers-0.3.3.0,user,356.789,0,7,67.25,63.0,67.25,63.5,66.0,62.0,61.0,63.25,64.0,62.75
nonempty-containers-0.3.3.0,sys,28.901,0,7,67.25,63.0,67.25,63.5,66.0,62.0,61.0,63.25,64.0,62.75
nonempty-containers-0.3.3.0,real,4.534,0,7,67.25,63.0,67.25,63.5,66.0,62.0,61.0,63.25,64.0,62.75
nonempty-containers-0.3.3.0,user,356.789,0,7,67.25,63.0,67.25,63.5,66.0,62.0,61.0,63.25,64.0,62.75
nonempty-containers-0.3.3.0,sys,28.901,0,7,67.25,63.0,67.25,63.5,66.0,62.0,61.0,63.25,64.0,62.75
nonempty-containers-0.3.3.0,real,4.534,0,7,67.25,63.0,67.25,63.5,66.0,62.0,61.0,63.25,64.0,62.75
nonempty-containers-0.3.3.0,user,356.789,0,7,67.25,63.0,67.25,63.5,66.0,62.0,61.0,63.25,64.0,62.75
nonempty-containers-0.3.3.0,sys,28.901,0,7,67.25,63.0,67.25,63.5,66.0,62.0,61.0,63.25,64.0,62.75
nonempty-containers-0.3.3.0,real,4.574,0,8,67.875,63.25,67.875,64.25,64.5,62.0,61.75,64.0,64.5,63.0
nonempty-containers-0.3.3.0,user,360.429,0,8,67.875,63.25,67.875,64.25,64.5,62.0,61.75,64.0,64.5,63.0
nonempty-containers-0.3.3.0,sys,37.393,0,8,67.875,63.25,67.875,64.25,64.5,62.0,61.75,64.0,64.5,63.0
nonempty-containers-0.3.3.0,real,4.574,0,8,67.875,63.25,67.875,64.25,64.5,62.0,61.75,64.0,64.5,63.0
nonempty-containers-0.3.3.0,user,360.429,0,8,67.875,63.25,67.875,64.25,64.5,62.0,61.75,64.0,64.5,63.0
nonempty-containers-0.3.3.0,sys,37.393,0,8,67.875,63.25,67.875,64.25,64.5,62.0,61.75,64.0,64.5,63.0
nonempty-containers-0.3.3.0,real,4.574,0,8,67.875,63.25,67.875,64.25,64.5,62.0,61.75,64.0,64.5,63.0
nonempty-containers-0.3.3.0,user,360.429,0,8,67.875,63.25,67.875,64.25,64.5,62.0,61.75,64.0,64.5,63.0
nonempty-containers-0.3.3.0,sys,37.393,0,8,67.875,63.25,67.875,64.25,64.5,62.0,61.75,64.0,64.5,63.0
nonempty-containers-0.3.3.0,real,4.505,0,9,68.125,63.75,68.125,64.5,65.25,62.5,62.0,64.25,65.0,63.25
nonempty-containers-0.3.3.0,user,361.336,0,9,68.125,63.75,68.125,64.5,65.25,62.5,62.0,64.25,65.0,63.25
nonempty-containers-0.3.3.0,sys,34.091,0,9,68.125,63.75,68.125,64.5,65.25,62.5,62.0,64.25,65.0,63.25
nonempty-containers-0.3.3.0,real,4.505,0,9,68.125,63.75,68.125,64.5,65.25,62.5,62.0,64.25,65.0,63.25
nonempty-containers-0.3.3.0,user,361.336,0,9,68.125,63.75,68.125,64.5,65.25,62.5,62.0,64.25,65.0,63.25
nonempty-containers-0.3.3.0,sys,34.091,0,9,68.125,63.75,68.125,64.5,65.25,62.5,62.0,64.25,65.0,63.25
nonempty-containers-0.3.3.0,real,4.505,0,9,68.125,63.75,68.125,64.5,65.25,62.5,62.0,64.25,65.0,63.25
nonempty-containers-0.3.3.0,user,361.336,0,9,68.125,63.75,68.125,64.5,65.25,62.5,62.0,64.25,65.0,63.25
nonempty-containers-0.3.3.0,sys,34.091,0,9,68.125,63.75,68.125,64.5,65.25,62.5,62.0,64.25,65.0,63.25
nonempty-containers-0.3.3.0,real,4.483,0,10,68.75,65.25,68.75,65.0,65.5,62.75,62.25,65.0,65.75,63.75
nonempty-containers-0.3.3.0,user,363.081,0,10,68.75,65.25,68.75,65.0,65.5,62.75,62.25,65.0,65.75,63.75
nonempty-containers-0.3.3.0,sys,28.858,0,10,68.75,65.25,68.75,65.0,65.5,62.75,62.25,65.0,65.75,63.75
nonempty-containers-0.3.3.0,real,4.483,0,10,68.75,65.25,68.75,65.0,65.5,62.75,62.25,65.0,65.75,63.75
nonempty-containers-0.3.3.0,user,363.081,0,10,68.75,65.25,68.75,65.0,65.5,62.75,62.25,65.0,65.75,63.75
nonempty-containers-0.3.3.0,sys,28.858,0,10,68.75,65.25,68.75,65.0,65.5,62.75,62.25,65.0,65.75,63.75
nonempty-containers-0.3.3.0,real,4.483,0,10,68.75,65.25,68.75,65.0,65.5,62.75,62.25,65.0,65.75,63.75
nonempty-containers-0.3.3.0,user,363.081,0,10,68.75,65.25,68.75,65.0,65.5,62.75,62.25,65.0,65.75,63.75
nonempty-containers-0.3.3.0,sys,28.858,0,10,68.75,65.25,68.75,65.0,65.5,62.75,62.25,65.0,65.75,63.75
nonempty-containers-0.3.3.0,real,4.524,0,11,68.75,64.25,68.75,65.5,66.25,63.25,63.0,64.75,65.75,64.25
nonempty-containers-0.3.3.0,user,356.145,0,11,68.75,64.25,68.75,65.5,66.25,63.25,63.0,64.75,65.75,64.25
nonempty-containers-0.3.3.0,sys,31.833,0,11,68.75,64.25,68.75,65.5,66.25,63.25,63.0,64.75,65.75,64.25
nonempty-containers-0.3.3.0,real,4.524,0,11,68.75,64.25,68.75,65.5,66.25,63.25,63.0,64.75,65.75,64.25
nonempty-containers-0.3.3.0,user,356.145,0,11,68.75,64.25,68.75,65.5,66.25,63.25,63.0,64.75,65.75,64.25
nonempty-containers-0.3.3.0,sys,31.833,0,11,68.75,64.25,68.75,65.5,66.25,63.25,63.0,64.75,65.75,64.25
nonempty-containers-0.3.3.0,real,4.524,0,11,68.75,64.25,68.75,65.5,66.25,63.25,63.0,64.75,65.75,64.25
nonempty-containers-0.3.3.0,user,356.145,0,11,68.75,64.25,68.75,65.5,66.25,63.25,63.0,64.75,65.75,64.25
nonempty-containers-0.3.3.0,sys,31.833,0,11,68.75,64.25,68.75,65.5,66.25,63.25,63.0,64.75,65.75,64.25
poly-0.3.3.0,real,100.283,0,1,65.25,58.75,65.25,58.5,59.0,56.5,56.25,58.0,59.25,58.0
poly-0.3.3.0,user,100.191,0,1,65.25,58.75,65.25,58.5,59.0,56.5,56.25,58.0,59.25,58.0
poly-0.3.3.0,sys,0.216,0,1,65.25,58.75,65.25,58.5,59.0,56.5,56.25,58.0,59.25,58.0
poly-0.3.3.0,real,100.283,0,1,65.25,58.75,65.25,58.5,59.0,56.5,56.25,58.0,59.25,58.0
poly-0.3.3.0,user,100.191,0,1,65.25,58.75,65.25,58.5,59.0,56.5,56.25,58.0,59.25,58.0
poly-0.3.3.0,sys,0.216,0,1,65.25,58.75,65.25,58.5,59.0,56.5,56.25,58.0,59.25,58.0
poly-0.3.3.0,real,100.283,0,1,65.25,58.75,65.25,58.5,59.0,56.5,56.25,58.0,59.25,58.0
poly-0.3.3.0,user,100.191,0,1,65.25,58.75,65.25,58.5,59.0,56.5,56.25,58.0,59.25,58.0
poly-0.3.3.0,sys,0.216,0,1,65.25,58.75,65.25,58.5,59.0,56.5,56.25,58.0,59.25,58.0
poly-0.3.3.0,real,99.634,0,2,65.25,57.75,65.25,58.0,58.5,55.75,54.75,57.5,57.75,56.5
poly-0.3.3.0,user,99.562,0,2,65.25,57.75,65.25,58.0,58.5,55.75,54.75,57.5,57.75,56.5
poly-0.3.3.0,sys,0.200,0,2,65.25,57.75,65.25,58.0,58.5,55.75,54.75,57.5,57.75,56.5
poly-0.3.3.0,real,99.634,0,2,65.25,57.75,65.25,58.0,58.5,55.75,54.75,57.5,57.75,56.5
poly-0.3.3.0,user,99.562,0,2,65.25,57.75,65.25,58.0,58.5,55.75,54.75,57.5,57.75,56.5
poly-0.3.3.0,sys,0.200,0,2,65.25,57.75,65.25,58.0,58.5,55.75,54.75,57.5,57.75,56.5
poly-0.3.3.0,real,99.634,0,2,65.25,57.75,65.25,58.0,58.5,55.75,54.75,57.5,57.75,56.5
poly-0.3.3.0,user,99.562,0,2,65.25,57.75,65.25,58.0,58.5,55.75,54.75,57.5,57.75,56.5
poly-0.3.3.0,sys,0.200,0,2,65.25,57.75,65.25,58.0,58.5,55.75,54.75,57.5,57.75,56.5
poly-0.3.3.0,real,100.214,0,3,63.75,56.0,63.75,57.75,58.75,55.5,54.75,57.0,57.75,55.75
poly-0.3.3.0,user,100.104,0,3,63.75,56.0,63.75,57.75,58.75,55.5,54.75,57.0,57.75,55.75
poly-0.3.3.0,sys,0.246,0,3,63.75,56.0,63.75,57.75,58.75,55.5,54.75,57.0,57.75,55.75
poly-0.3.3.0,real,100.214,0,3,63.75,56.0,63.75,57.75,58.75,55.5,54.75,57.0,57.75,55.75
poly-0.3.3.0,user,100.104,0,3,63.75,56.0,63.75,57.75,58.75,55.5,54.75,57.0,57.75,55.75
poly-0.3.3.0,sys,0.246,0,3,63.75,56.0,63.75,57.75,58.75,55.5,54.75,57.0,57.75,55.75
poly-0.3.3.0,real,100.214,0,3,63.75,56.0,63.75,57.75,58.75,55.5,54.75,57.0,57.75,55.75
poly-0.3.3.0,user,100.104,0,3,63.75,56.0,63.75,57.75,58.75,55.5,54.75,57.0,57.75,55.75
poly-0.3.3.0,sys,0.246,0,3,63.75,56.0,63.75,57.75,58.75,55.5,54.75,57.0,57.75,55.75
poly-0.3.3.0,real,99.504,0,4,64.5,55.5,64.5,57.0,57.25,54.75,56.25,56.25,57.75,55.25
poly-0.3.3.0,user,99.415,0,4,64.5,55.5,64.5,57.0,57.25,54.75,56.25,56.25,57.75,55.25
poly-0.3.3.0,sys,0.210,0,4,64.5,55.5,64.5,57.0,57.25,54.75,56.25,56.25,57.75,55.25
poly-0.3.3.0,real,99.504,0,4,64.5,55.5,64.5,57.0,57.25,54.75,56.25,56.25,57.75,55.25
poly-0.3.3.0,user,99.415,0,4,64.5,55.5,64.5,57.0,57.25,54.75,56.25,56.25,57.75,55.25
poly-0.3.3.0,sys,0.210,0,4,64.5,55.5,64.5,57.0,57.25,54.75,56.25,56.25,57.75,55.25
poly-0.3.3.0,real,99.504,0,4,64.5,55.5,64.5,57.0,57.25,54.75,56.25,56.25,57.75,55.25
poly-0.3.3.0,user,99.415,0,4,64.5,55.5,64.5,57.0,57.25,54.75,56.25,56.25,57.75,55.25
poly-0.3.3.0,sys,0.210,0,4,64.5,55.5,64.5,57.0,57.25,54.75,56.25,56.25,57.75,55.25
poly-0.3.3.0,real,99.724,0,5,63.375,55.75,63.375,57.5,57.5,54.75,54.25,56.75,56.75,55.75
poly-0.3.3.0,user,99.586,0,5,63.375,55.75,63.375,57.5,57.5,54.75,54.25,56.75,56.75,55.75
poly-0.3.3.0,sys,0.259,0,5,63.375,55.75,63.375,57.5,57.5,54.75,54.25,56.75,56.75,55.75
poly-0.3.3.0,real,99.724,0,5,63.375,55.75,63.375,57.5,57.5,54.75,54.25,56.75,56.75,55.75
poly-0.3.3.0,user,99.586,0,5,63.375,55.75,63.375,57.5,57.5,54.75,54.25,56.75,56.75,55.75
poly-0.3.3.0,sys,0.259,0,5,63.375,55.75,63.375,57.5,57.5,54.75,54.25,56.75,56.75,55.75
poly-0.3.3.0,real,99.724,0,5,63.375,55.75,63.375,57.5,57.5,54.75,54.25,56.75,56.75,55.75
poly-0.3.3.0,user,99.586,0,5,63.375,55.75,63.375,57.5,57.5,54.75,54.25,56.75,56.75,55.75
poly-0.3.3.0,sys,0.259,0,5,63.375,55.75,63.375,57.5,57.5,54.75,54.25,56.75,56.75,55.75
poly-0.3.3.0,real,99.623,0,6,64.375,55.5,64.375,56.25,57.5,54.75,54.25,56.25,56.75,55.0
poly-0.3.3.0,user,99.542,0,6,64.375,55.5,64.375,56.25,57.5,54.75,54.25,56.25,56.75,55.0
poly-0.3.3.0,sys,0.205,0,6,64.375,55.5,64.375,56.25,57.5,54.75,54.25,56.25,56.75,55.0
poly-0.3.3.0,real,99.623,0,6,64.375,55.5,64.375,56.25,57.5,54.75,54.25,56.25,56.75,55.0
poly-0.3.3.0,user,99.542,0,6,64.375,55.5,64.375,56.25,57.5,54.75,54.25,56.25,56.75,55.0
poly-0.3.3.0,sys,0.205,0,6,64.375,55.5,64.375,56.25,57.5,54.75,54.25,56.25,56.75,55.0
poly-0.3.3.0,real,99.623,0,6,64.375,55.5,64.375,56.25,57.5,54.75,54.25,56.25,56.75,55.0
poly-0.3.3.0,user,99.542,0,6,64.375,55.5,64.375,56.25,57.5,54.75,54.25,56.25,56.75,55.0
poly-0.3.3.0,sys,0.205,0,6,64.375,55.5,64.375,56.25,57.5,54.75,54.25,56.25,56.75,55.0
poly-0.3.3.0,real,99.773,0,7,60.625,55.75,60.625,56.25,56.75,54.25,55.0,56.25,56.75,56.0
poly-0.3.3.0,user,99.736,0,7,60.625,55.75,60.625,56.25,56.75,54.25,55.0,56.25,56.75,56.0
poly-0.3.3.0,sys,0.160,0,7,60.625,55.75,60.625,56.25,56.75,54.25,55.0,56.25,56.75,56.0
poly-0.3.3.0,real,99.773,0,7,60.625,55.75,60.625,56.25,56.75,54.25,55.0,56.25,56.75,56.0
poly-0.3.3.0,user,99.736,0,7,60.625,55.75,60.625,56.25,56.75,54.25,55.0,56.25,56.75,56.0
poly-0.3.3.0,sys,0.160,0,7,60.625,55.75,60.625,56.25,56.75,54.25,55.0,56.25,56.75,56.0
poly-0.3.3.0,real,99.773,0,7,60.625,55.75,60.625,56.25,56.75,54.25,55.0,56.25,56.75,56.0
poly-0.3.3.0,user,99.736,0,7,60.625,55.75,60.625,56.25,56.75,54.25,55.0,56.25,56.75,56.0
poly-0.3.3.0,sys,0.160,0,7,60.625,55.75,60.625,56.25,56.75,54.25,55.0,56.25,56.75,56.0
poly-0.3.3.0,real,99.494,0,8,63.5,55.75,63.5,56.5,57.5,54.5,54.0,56.5,56.75,54.75
poly-0.3.3.0,user,99.427,0,8,63.5,55.75,63.5,56.5,57.5,54.5,54.0,56.5,56.75,54.75
poly-0.3.3.0,sys,0.192,0,8,63.5,55.75,63.5,56.5,57.5,54.5,54.0,56.5,56.75,54.75
poly-0.3.3.0,real,99.494,0,8,63.5,55.75,63.5,56.5,57.5,54.5,54.0,56.5,56.75,54.75
poly-0.3.3.0,user,99.427,0,8,63.5,55.75,63.5,56.5,57.5,54.5,54.0,56.5,56.75,54.75
poly-0.3.3.0,sys,0.192,0,8,63.5,55.75,63.5,56.5,57.5,54.5,54.0,56.5,56.75,54.75
poly-0.3.3.0,real,99.494,0,8,63.5,55.75,63.5,56.5,57.5,54.5,54.0,56.5,56.75,54.75
poly-0.3.3.0,user,99.427,0,8,63.5,55.75,63.5,56.5,57.5,54.5,54.0,56.5,56.75,54.75
poly-0.3.3.0,sys,0.192,0,8,63.5,55.75,63.5,56.5,57.5,54.5,54.0,56.5,56.75,54.75
poly-0.3.3.0,real,99.574,0,9,63.875,56.75,63.875,58.0,57.25,54.25,54.0,56.0,56.75,55.0
poly-0.3.3.0,user,99.512,0,9,63.875,56.75,63.875,58.0,57.25,54.25,54.0,56.0,56.75,55.0
poly-0.3.3.0,sys,0.208,0,9,63.875,56.75,63.875,58.0,57.25,54.25,54.0,56.0,56.75,55.0
poly-0.3.3.0,real,99.574,0,9,63.875,56.75,63.875,58.0,57.25,54.25,54.0,56.0,56.75,55.0
poly-0.3.3.0,user,99.512,0,9,63.875,56.75,63.875,58.0,57.25,54.25,54.0,56.0,56.75,55.0
poly-0.3.3.0,sys,0.208,0,9,63.875,56.75,63.875,58.0,57.25,54.25,54.0,56.0,56.75,55.0
poly-0.3.3.0,real,99.574,0,9,63.875,56.75,63.875,58.0,57.25,54.25,54.0,56.0,56.75,55.0
poly-0.3.3.0,user,99.512,0,9,63.875,56.75,63.875,58.0,57.25,54.25,54.0,56.0,56.75,55.0
poly-0.3.3.0,sys,0.208,0,9,63.875,56.75,63.875,58.0,57.25,54.25,54.0,56.0,56.75,55.0
poly-0.3.3.0,real,99.544,0,10,63.75,55.0,63.75,56.75,57.75,54.5,54.0,56.5,57.0,55.75
poly-0.3.3.0,user,99.425,0,10,63.75,55.0,63.75,56.75,57.75,54.5,54.0,56.5,57.0,55.75
poly-0.3.3.0,sys,0.239,0,10,63.75,55.0,63.75,56.75,57.75,54.5,54.0,56.5,57.0,55.75
poly-0.3.3.0,real,99.544,0,10,63.75,55.0,63.75,56.75,57.75,54.5,54.0,56.5,57.0,55.75
poly-0.3.3.0,user,99.425,0,10,63.75,55.0,63.75,56.75,57.75,54.5,54.0,56.5,57.0,55.75
poly-0.3.3.0,sys,0.239,0,10,63.75,55.0,63.75,56.75,57.75,54.5,54.0,56.5,57.0,55.75
poly-0.3.3.0,real,99.544,0,10,63.75,55.0,63.75,56.75,57.75,54.5,54.0,56.5,57.0,55.75
poly-0.3.3.0,user,99.425,0,10,63.75,55.0,63.75,56.75,57.75,54.5,54.0,56.5,57.0,55.75
poly-0.3.3.0,sys,0.239,0,10,63.75,55.0,63.75,56.75,57.75,54.5,54.0,56.5,57.0,55.75
poly-0.3.3.0,real,99.874,0,11,63.5,55.75,63.5,56.5,57.25,54.75,54.0,57.0,57.0,55.25
poly-0.3.3.0,user,99.768,0,11,63.5,55.75,63.5,56.5,57.25,54.75,54.0,57.0,57.0,55.25
poly-0.3.3.0,sys,0.239,0,11,63.5,55.75,63.5,56.5,57.25,54.75,54.0,57.0,57.0,55.25
poly-0.3.3.0,real,99.874,0,11,63.5,55.75,63.5,56.5,57.25,54.75,54.0,57.0,57.0,55.25
poly-0.3.3.0,user,99.768,0,11,63.5,55.75,63.5,56.5,57.25,54.75,54.0,57.0,57.0,55.25
poly-0.3.3.0,sys,0.239,0,11,63.5,55.75,63.5,56.5,57.25,54.75,54.0,57.0,57.0,55.25
poly-0.3.3.0,real,99.874,0,11,63.5,55.75,63.5,56.5,57.25,54.75,54.0,57.0,57.0,55.25
poly-0.3.3.0,user,99.768,0,11,63.5,55.75,63.5,56.5,57.25,54.75,54.0,57.0,57.0,55.25
poly-0.3.3.0,sys,0.239,0,11,63.5,55.75,63.5,56.5,57.25,54.75,54.0,57.0,57.0,55.25
reinterpret-cast-0.1.0,real,27.256,0,1,64.375,58.25,64.375,57.25,57.0,54.75,54.25,56.25,56.5,55.75
reinterpret-cast-0.1.0,user,26.975,0,1,64.375,58.25,64.375,57.25,57.0,54.75,54.25,56.25,56.5,55.75
reinterpret-cast-0.1.0,sys,0.276,0,1,64.375,58.25,64.375,57.25,57.0,54.75,54.25,56.25,56.5,55.75
reinterpret-cast-0.1.0,real,27.256,0,1,64.375,58.25,64.375,57.25,57.0,54.75,54.25,56.25,56.5,55.75
reinterpret-cast-0.1.0,user,26.975,0,1,64.375,58.25,64.375,57.25,57.0,54.75,54.25,56.25,56.5,55.75
reinterpret-cast-0.1.0,sys,0.276,0,1,64.375,58.25,64.375,57.25,57.0,54.75,54.25,56.25,56.5,55.75
reinterpret-cast-0.1.0,real,27.256,0,1,64.375,58.25,64.375,57.25,57.0,54.75,54.25,56.25,56.5,55.75
reinterpret-cast-0.1.0,user,26.975,0,1,64.375,58.25,64.375,57.25,57.0,54.75,54.25,56.25,56.5,55.75
reinterpret-cast-0.1.0,sys,0.276,0,1,64.375,58.25,64.375,57.25,57.0,54.75,54.25,56.25,56.5,55.75
reinterpret-cast-0.1.0,real,27.003,0,2,64.0,55.75,64.0,56.0,57.25,56.0,54.75,56.0,57.0,55.5
reinterpret-cast-0.1.0,user,26.717,0,2,64.0,55.75,64.0,56.0,57.25,56.0,54.75,56.0,57.0,55.5
reinterpret-cast-0.1.0,sys,0.292,0,2,64.0,55.75,64.0,56.0,57.25,56.0,54.75,56.0,57.0,55.5
reinterpret-cast-0.1.0,real,27.003,0,2,64.0,55.75,64.0,56.0,57.25,56.0,54.75,56.0,57.0,55.5
reinterpret-cast-0.1.0,user,26.717,0,2,64.0,55.75,64.0,56.0,57.25,56.0,54.75,56.0,57.0,55.5
reinterpret-cast-0.1.0,sys,0.292,0,2,64.0,55.75,64.0,56.0,57.25,56.0,54.75,56.0,57.0,55.5
reinterpret-cast-0.1.0,real,27.003,0,2,64.0,55.75,64.0,56.0,57.25,56.0,54.75,56.0,57.0,55.5
reinterpret-cast-0.1.0,user,26.717,0,2,64.0,55.75,64.0,56.0,57.25,56.0,54.75,56.0,57.0,55.5
reinterpret-cast-0.1.0,sys,0.292,0,2,64.0,55.75,64.0,56.0,57.25,56.0,54.75,56.0,57.0,55.5
reinterpret-cast-0.1.0,real,27.113,0,3,65.125,55.75,65.125,56.5,57.5,54.75,55.75,57.0,57.5,56.0
reinterpret-cast-0.1.0,user,26.883,0,3,65.125,55.75,65.125,56.5,57.5,54.75,55.75,57.0,57.5,56.0
reinterpret-cast-0.1.0,sys,0.239,0,3,65.125,55.75,65.125,56.5,57.5,54.75,55.75,57.0,57.5,56.0
reinterpret-cast-0.1.0,real,27.113,0,3,65.125,55.75,65.125,56.5,57.5,54.75,55.75,57.0,57.5,56.0
reinterpret-cast-0.1.0,user,26.883,0,3,65.125,55.75,65.125,56.5,57.5,54.75,55.75,57.0,57.5,56.0
reinterpret-cast-0.1.0,sys,0.239,0,3,65.125,55.75,65.125,56.5,57.5,54.75,55.75,57.0,57.5,56.0
reinterpret-cast-0.1.0,real,27.113,0,3,65.125,55.75,65.125,56.5,57.5,54.75,55.75,57.0,57.5,56.0
reinterpret-cast-0.1.0,user,26.883,0,3,65.125,55.75,65.125,56.5,57.5,54.75,55.75,57.0,57.5,56.0
reinterpret-cast-0.1.0,sys,0.239,0,3,65.125,55.75,65.125,56.5,57.5,54.75,55.75,57.0,57.5,56.0
reinterpret-cast-0.1.0,real,27.043,0,4,64.625,56.25,64.625,56.75,57.25,54.75,54.75,56.25,58.5,58.0
reinterpret-cast-0.1.0,user,26.754,0,4,64.625,56.25,64.625,56.75,57.25,54.75,54.75,56.25,58.5,58.0
reinterpret-cast-0.1.0,sys,0.292,0,4,64.625,56.25,64.625,56.75,57.25,54.75,54.75,56.25,58.5,58.0
reinterpret-cast-0.1.0,real,27.043,0,4,64.625,56.25,64.625,56.75,57.25,54.75,54.75,56.25,58.5,58.0
reinterpret-cast-0.1.0,user,26.754,0,4,64.625,56.25,64.625,56.75,57.25,54.75,54.75,56.25,58.5,58.0
reinterpret-cast-0.1.0,sys,0.292,0,4,64.625,56.25,64.625,56.75,57.25,54.75,54.75,56.25,58.5,58.0
reinterpret-cast-0.1.0,real,27.043,0,4,64.625,56.25,64.625,56.75,57.25,54.75,54.75,56.25,58.5,58.0
reinterpret-cast-0.1.0,user,26.754,0,4,64.625,56.25,64.625,56.75,57.25,54.75,54.75,56.25,58.5,58.0
reinterpret-cast-0.1.0,sys,0.292,0,4,64.625,56.25,64.625,56.75,57.25,54.75,54.75,56.25,58.5,58.0
reinterpret-cast-0.1.0,real,26.943,0,5,65.375,55.5,65.375,58.0,58.0,54.75,54.5,56.75,57.25,55.75
reinterpret-cast-0.1.0,user,26.726,0,5,65.375,55.5,65.375,58.0,58.0,54.75,54.5,56.75,57.25,55.75
reinterpret-cast-0.1.0,sys,0.224,0,5,65.375,55.5,65.375,58.0,58.0,54.75,54.5,56.75,57.25,55.75
reinterpret-cast-0.1.0,real,26.943,0,5,65.375,55.5,65.375,58.0,58.0,54.75,54.5,56.75,57.25,55.75
reinterpret-cast-0.1.0,user,26.726,0,5,65.375,55.5,65.375,58.0,58.0,54.75,54.5,56.75,57.25,55.75
reinterpret-cast-0.1.0,sys,0.224,0,5,65.375,55.5,65.375,58.0,58.0,54.75,54.5,56.75,57.25,55.75
reinterpret-cast-0.1.0,real,26.943,0,5,65.375,55.5,65.375,58.0,58.0,54.75,54.5,56.75,57.25,55.75
reinterpret-cast-0.1.0,user,26.726,0,5,65.375,55.5,65.375,58.0,58.0,54.75,54.5,56.75,57.25,55.75
reinterpret-cast-0.1.0,sys,0.224,0,5,65.375,55.5,65.375,58.0,58.0,54.75,54.5,56.75,57.25,55.75
reinterpret-cast-0.1.0,real,27.013,0,6,66.125,56.0,66.125,57.75,58.5,54.75,54.5,57.0,57.25,56.0
reinterpret-cast-0.1.0,user,26.765,0,6,66.125,56.0,66.125,57.75,58.5,54.75,54.5,57.0,57.25,56.0
reinterpret-cast-0.1.0,sys,0.257,0,6,66.125,56.0,66.125,57.75,58.5,54.75,54.5,57.0,57.25,56.0
reinterpret-cast-0.1.0,real,27.013,0,6,66.125,56.0,66.125,57.75,58.5,54.75,54.5,57.0,57.25,56.0
reinterpret-cast-0.1.0,user,26.765,0,6,66.125,56.0,66.125,57.75,58.5,54.75,54.5,57.0,57.25,56.0
reinterpret-cast-0.1.0,sys,0.257,0,6,66.125,56.0,66.125,57.75,58.5,54.75,54.5,57.0,57.25,56.0
reinterpret-cast-0.1.0,real,27.013,0,6,66.125,56.0,66.125,57.75,58.5,54.75,54.5,57.0,57.25,56.0
reinterpret-cast-0.1.0,user,26.765,0,6,66.125,56.0,66.125,57.75,58.5,54.75,54.5,57.0,57.25,56.0
reinterpret-cast-0.1.0,sys,0.257,0,6,66.125,56.0,66.125,57.75,58.5,54.75,54.5,57.0,57.25,56.0
reinterpret-cast-0.1.0,real,26.963,0,7,63.875,56.0,63.875,57.0,57.5,55.75,54.75,56.5,57.25,56.25
reinterpret-cast-0.1.0,user,26.768,0,7,63.875,56.0,63.875,57.0,57.5,55.75,54.75,56.5,57.25,56.25
reinterpret-cast-0.1.0,sys,0.197,0,7,63.875,56.0,63.875,57.0,57.5,55.75,54.75,56.5,57.25,56.25
reinterpret-cast-0.1.0,real,26.963,0,7,63.875,56.0,63.875,57.0,57.5,55.75,54.75,56.5,57.25,56.25
reinterpret-cast-0.1.0,user,26.768,0,7,63.875,56.0,63.875,57.0,57.5,55.75,54.75,56.5,57.25,56.25
reinterpret-cast-0.1.0,sys,0.197,0,7,63.875,56.0,63.875,57.0,57.5,55.75,54.75,56.5,57.25,56.25
reinterpret-cast-0.1.0,real,26.963,0,7,63.875,56.0,63.875,57.0,57.5,55.75,54.75,56.5,57.25,56.25
reinterpret-cast-0.1.0,user,26.768,0,7,63.875,56.0,63.875,57.0,57.5,55.75,54.75,56.5,57.25,56.25
reinterpret-cast-0.1.0,sys,0.197,0,7,63.875,56.0,63.875,57.0,57.5,55.75,54.75,56.5,57.25,56.25
reinterpret-cast-0.1.0,real,26.973,0,8,66.0,55.5,66.0,56.5,57.5,54.75,55.5,58.0,57.25,55.5
reinterpret-cast-0.1.0,user,26.718,0,8,66.0,55.5,66.0,56.5,57.5,54.75,55.5,58.0,57.25,55.5
reinterpret-cast-0.1.0,sys,0.264,0,8,66.0,55.5,66.0,56.5,57.5,54.75,55.5,58.0,57.25,55.5
reinterpret-cast-0.1.0,real,26.973,0,8,66.0,55.5,66.0,56.5,57.5,54.75,55.5,58.0,57.25,55.5
reinterpret-cast-0.1.0,user,26.718,0,8,66.0,55.5,66.0,56.5,57.5,54.75,55.5,58.0,57.25,55.5
reinterpret-cast-0.1.0,sys,0.264,0,8,66.0,55.5,66.0,56.5,57.5,54.75,55.5,58.0,57.25,55.5
reinterpret-cast-0.1.0,real,26.973,0,8,66.0,55.5,66.0,56.5,57.5,54.75,55.5,58.0,57.25,55.5
reinterpret-cast-0.1.0,user,26.718,0,8,66.0,55.5,66.0,56.5,57.5,54.75,55.5,58.0,57.25,55.5
reinterpret-cast-0.1.0,sys,0.264,0,8,66.0,55.5,66.0,56.5,57.5,54.75,55.5,58.0,57.25,55.5
reinterpret-cast-0.1.0,real,26.933,0,9,64.875,56.25,64.875,56.75,57.5,55.25,54.75,56.75,57.5,57.25
reinterpret-cast-0.1.0,user,26.668,0,9,64.875,56.25,64.875,56.75,57.5,55.25,54.75,56.75,57.5,57.25
reinterpret-cast-0.1.0,sys,0.271,0,9,64.875,56.25,64.875,56.75,57.5,55.25,54.75,56.75,57.5,57.25
reinterpret-cast-0.1.0,real,26.933,0,9,64.875,56.25,64.875,56.75,57.5,55.25,54.75,56.75,57.5,57.25
reinterpret-cast-0.1.0,user,26.668,0,9,64.875,56.25,64.875,56.75,57.5,55.25,54.75,56.75,57.5,57.25
reinterpret-cast-0.1.0,sys,0.271,0,9,64.875,56.25,64.875,56.75,57.5,55.25,54.75,56.75,57.5,57.25
reinterpret-cast-0.1.0,real,26.933,0,9,64.875,56.25,64.875,56.75,57.5,55.25,54.75,56.75,57.5,57.25
reinterpret-cast-0.1.0,user,26.668,0,9,64.875,56.25,64.875,56.75,57.5,55.25,54.75,56.75,57.5,57.25
reinterpret-cast-0.1.0,sys,0.271,0,9,64.875,56.25,64.875,56.75,57.5,55.25,54.75,56.75,57.5,57.25
reinterpret-cast-0.1.0,real,27.003,0,10,65.625,55.75,65.625,58.25,57.75,54.75,54.75,57.25,57.25,56.0
reinterpret-cast-0.1.0,user,26.743,0,10,65.625,55.75,65.625,58.25,57.75,54.75,54.75,57.25,57.25,56.0
reinterpret-cast-0.1.0,sys,0.277,0,10,65.625,55.75,65.625,58.25,57.75,54.75,54.75,57.25,57.25,56.0
reinterpret-cast-0.1.0,real,27.003,0,10,65.625,55.75,65.625,58.25,57.75,54.75,54.75,57.25,57.25,56.0
reinterpret-cast-0.1.0,user,26.743,0,10,65.625,55.75,65.625,58.25,57.75,54.75,54.75,57.25,57.25,56.0
reinterpret-cast-0.1.0,sys,0.277,0,10,65.625,55.75,65.625,58.25,57.75,54.75,54.75,57.25,57.25,56.0
reinterpret-cast-0.1.0,real,27.003,0,10,65.625,55.75,65.625,58.25,57.75,54.75,54.75,57.25,57.25,56.0
reinterpret-cast-0.1.0,user,26.743,0,10,65.625,55.75,65.625,58.25,57.75,54.75,54.75,57.25,57.25,56.0
reinterpret-cast-0.1.0,sys,0.277,0,10,65.625,55.75,65.625,58.25,57.75,54.75,54.75,57.25,57.25,56.0
reinterpret-cast-0.1.0,real,27.303,0,11,63.875,56.25,63.875,56.75,57.5,55.75,57.0,56.5,57.5,56.0
reinterpret-cast-0.1.0,user,27.106,0,11,63.875,56.25,63.875,56.75,57.5,55.75,57.0,56.5,57.5,56.0
reinterpret-cast-0.1.0,sys,0.211,0,11,63.875,56.25,63.875,56.75,57.5,55.75,57.0,56.5,57.5,56.0
reinterpret-cast-0.1.0,real,27.303,0,11,63.875,56.25,63.875,56.75,57.5,55.75,57.0,56.5,57.5,56.0
reinterpret-cast-0.1.0,user,27.106,0,11,63.875,56.25,63.875,56.75,57.5,55.75,57.0,56.5,57.5,56.0
reinterpret-cast-0.1.0,sys,0.211,0,11,63.875,56.25,63.875,56.75,57.5,55.75,57.0,56.5,57.5,56.0
reinterpret-cast-0.1.0,real,27.303,0,11,63.875,56.25,63.875,56.75,57.5,55.75,57.0,56.5,57.5,56.0
reinterpret-cast-0.1.0,user,27.106,0,11,63.875,56.25,63.875,56.75,57.5,55.75,57.0,56.5,57.5,56.0
reinterpret-cast-0.1.0,sys,0.211,0,11,63.875,56.25,63.875,56.75,57.5,55.75,57.0,56.5,57.5,56.0
set-cover-0.1,real,15.533,0,1,62.75,55.75,62.75,57.0,57.5,55.25,54.5,58.5,58.0,55.75
set-cover-0.1,user,15.450,0,1,62.75,55.75,62.75,57.0,57.5,55.25,54.5,58.5,58.0,55.75
set-cover-0.1,sys,0.097,0,1,62.75,55.75,62.75,57.0,57.5,55.25,54.5,58.5,58.0,55.75
set-cover-0.1,real,15.533,0,1,62.75,55.75,62.75,57.0,57.5,55.25,54.5,58.5,58.0,55.75
set-cover-0.1,user,15.450,0,1,62.75,55.75,62.75,57.0,57.5,55.25,54.5,58.5,58.0,55.75
set-cover-0.1,sys,0.097,0,1,62.75,55.75,62.75,57.0,57.5,55.25,54.5,58.5,58.0,55.75
set-cover-0.1,real,15.533,0,1,62.75,55.75,62.75,57.0,57.5,55.25,54.5,58.5,58.0,55.75
set-cover-0.1,user,15.450,0,1,62.75,55.75,62.75,57.0,57.5,55.25,54.5,58.5,58.0,55.75
set-cover-0.1,sys,0.097,0,1,62.75,55.75,62.75,57.0,57.5,55.25,54.5,58.5,58.0,55.75
set-cover-0.1,real,15.603,0,2,61.5,56.75,61.5,57.0,57.25,55.0,54.75,56.5,57.0,56.75
set-cover-0.1,user,15.536,0,2,61.5,56.75,61.5,57.0,57.25,55.0,54.75,56.5,57.0,56.75
set-cover-0.1,sys,0.086,0,2,61.5,56.75,61.5,57.0,57.25,55.0,54.75,56.5,57.0,56.75
set-cover-0.1,real,15.603,0,2,61.5,56.75,61.5,57.0,57.25,55.0,54.75,56.5,57.0,56.75
set-cover-0.1,user,15.536,0,2,61.5,56.75,61.5,57.0,57.25,55.0,54.75,56.5,57.0,56.75
set-cover-0.1,sys,0.086,0,2,61.5,56.75,61.5,57.0,57.25,55.0,54.75,56.5,57.0,56.75
set-cover-0.1,real,15.603,0,2,61.5,56.75,61.5,57.0,57.25,55.0,54.75,56.5,57.0,56.75
set-cover-0.1,user,15.536,0,2,61.5,56.75,61.5,57.0,57.25,55.0,54.75,56.5,57.0,56.75
set-cover-0.1,sys,0.086,0,2,61.5,56.75,61.5,57.0,57.25,55.0,54.75,56.5,57.0,56.75
set-cover-0.1,real,15.573,0,3,63.0,56.0,63.0,57.25,57.75,54.75,54.5,56.5,57.25,55.75
set-cover-0.1,user,15.505,0,3,63.0,56.0,63.0,57.25,57.75,54.75,54.5,56.5,57.25,55.75
set-cover-0.1,sys,0.079,0,3,63.0,56.0,63.0,57.25,57.75,54.75,54.5,56.5,57.25,55.75
set-cover-0.1,real,15.573,0,3,63.0,56.0,63.0,57.25,57.75,54.75,54.5,56.5,57.25,55.75
set-cover-0.1,user,15.505,0,3,63.0,56.0,63.0,57.25,57.75,54.75,54.5,56.5,57.25,55.75
set-cover-0.1,sys,0.079,0,3,63.0,56.0,63.0,57.25,57.75,54.75,54.5,56.5,57.25,55.75
set-cover-0.1,real,15.573,0,3,63.0,56.0,63.0,57.25,57.75,54.75,54.5,56.5,57.25,55.75
set-cover-0.1,user,15.505,0,3,63.0,56.0,63.0,57.25,57.75,54.75,54.5,56.5,57.25,55.75
set-cover-0.1,sys,0.079,0,3,63.0,56.0,63.0,57.25,57.75,54.75,54.5,56.5,57.25,55.75
set-cover-0.1,real,15.583,0,4,59.875,55.75,59.875,56.5,57.75,55.25,55.25,56.75,57.0,56.0
set-cover-0.1,user,15.513,0,4,59.875,55.75,59.875,56.5,57.75,55.25,55.25,56.75,57.0,56.0
set-cover-0.1,sys,0.083,0,4,59.875,55.75,59.875,56.5,57.75,55.25,55.25,56.75,57.0,56.0
set-cover-0.1,real,15.583,0,4,59.875,55.75,59.875,56.5,57.75,55.25,55.25,56.75,57.0,56.0
set-cover-0.1,user,15.513,0,4,59.875,55.75,59.875,56.5,57.75,55.25,55.25,56.75,57.0,56.0
set-cover-0.1,sys,0.083,0,4,59.875,55.75,59.875,56.5,57.75,55.25,55.25,56.75,57.0,56.0
set-cover-0.1,real,15.583,0,4,59.875,55.75,59.875,56.5,57.75,55.25,55.25,56.75,57.0,56.0
set-cover-0.1,user,15.513,0,4,59.875,55.75,59.875,56.5,57.75,55.25,55.25,56.75,57.0,56.0
set-cover-0.1,sys,0.083,0,4,59.875,55.75,59.875,56.5,57.75,55.25,55.25,56.75,57.0,56.0
set-cover-0.1,real,15.473,0,5,62.75,55.25,62.75,56.75,57.25,54.75,54.25,56.75,57.5,55.5
set-cover-0.1,user,15.381,0,5,62.75,55.25,62.75,56.75,57.25,54.75,54.25,56.75,57.5,55.5
set-cover-0.1,sys,0.106,0,5,62.75,55.25,62.75,56.75,57.25,54.75,54.25,56.75,57.5,55.5
set-cover-0.1,real,15.473,0,5,62.75,55.25,62.75,56.75,57.25,54.75,54.25,56.75,57.5,55.5
set-cover-0.1,user,15.381,0,5,62.75,55.25,62.75,56.75,57.25,54.75,54.25,56.75,57.5,55.5
set-cover-0.1,sys,0.106,0,5,62.75,55.25,62.75,56.75,57.25,54.75,54.25,56.75,57.5,55.5
set-cover-0.1,real,15.473,0,5,62.75,55.25,62.75,56.75,57.25,54.75,54.25,56.75,57.5,55.5
set-cover-0.1,user,15.381,0,5,62.75,55.25,62.75,56.75,57.25,54.75,54.25,56.75,57.5,55.5
set-cover-0.1,sys,0.106,0,5,62.75,55.25,62.75,56.75,57.25,54.75,54.25,56.75,57.5,55.5
set-cover-0.1,real,15.603,0,6,61.75,56.25,61.75,56.0,56.5,54.75,54.5,56.25,57.25,56.25
set-cover-0.1,user,15.540,0,6,61.75,56.25,61.75,56.0,56.5,54.75,54.5,56.25,57.25,56.25
set-cover-0.1,sys,0.081,0,6,61.75,56.25,61.75,56.0,56.5,54.75,54.5,56.25,57.25,56.25
set-cover-0.1,real,15.603,0,6,61.75,56.25,61.75,56.0,56.5,54.75,54.5,56.25,57.25,56.25
set-cover-0.1,user,15.540,0,6,61.75,56.25,61.75,56.0,56.5,54.75,54.5,56.25,57.25,56.25
set-cover-0.1,sys,0.081,0,6,61.75,56.25,61.75,56.0,56.5,54.75,54.5,56.25,57.25,56.25
set-cover-0.1,real,15.603,0,6,61.75,56.25,61.75,56.0,56.5,54.75,54.5,56.25,57.25,56.25
set-cover-0.1,user,15.540,0,6,61.75,56.25,61.75,56.0,56.5,54.75,54.5,56.25,57.25,56.25
set-cover-0.1,sys,0.081,0,6,61.75,56.25,61.75,56.0,56.5,54.75,54.5,56.25,57.25,56.25
set-cover-0.1,real,15.623,0,7,62.5,55.75,62.5,57.0,57.5,54.75,54.5,56.5,56.5,55.5
set-cover-0.1,user,15.534,0,7,62.5,55.75,62.5,57.0,57.5,54.75,54.5,56.5,56.5,55.5
set-cover-0.1,sys,0.101,0,7,62.5,55.75,62.5,57.0,57.5,54.75,54.5,56.5,56.5,55.5
set-cover-0.1,real,15.623,0,7,62.5,55.75,62.5,57.0,57.5,54.75,54.5,56.5,56.5,55.5
set-cover-0.1,user,15.534,0,7,62.5,55.75,62.5,57.0,57.5,54.75,54.5,56.5,56.5,55.5
set-cover-0.1,sys,0.101,0,7,62.5,55.75,62.5,57.0,57.5,54.75,54.5,56.5,56.5,55.5
set-cover-0.1,real,15.623,0,7,62.5,55.75,62.5,57.0,57.5,54.75,54.5,56.5,56.5,55.5
set-cover-0.1,user,15.534,0,7,62.5,55.75,62.5,57.0,57.5,54.75,54.5,56.5,56.5,55.5
set-cover-0.1,sys,0.101,0,7,62.5,55.75,62.5,57.0,57.5,54.75,54.5,56.5,56.5,55.5
set-cover-0.1,real,15.583,0,8,60.0,55.5,60.0,56.0,57.5,55.0,55.5,56.25,57.0,55.25
set-cover-0.1,user,15.493,0,8,60.0,55.5,60.0,56.0,57.5,55.0,55.5,56.25,57.0,55.25
set-cover-0.1,sys,0.108,0,8,60.0,55.5,60.0,56.0,57.5,55.0,55.5,56.25,57.0,55.25
set-cover-0.1,real,15.583,0,8,60.0,55.5,60.0,56.0,57.5,55.0,55.5,56.25,57.0,55.25
set-cover-0.1,user,15.493,0,8,60.0,55.5,60.0,56.0,57.5,55.0,55.5,56.25,57.0,55.25
set-cover-0.1,sys,0.108,0,8,60.0,55.5,60.0,56.0,57.5,55.0,55.5,56.25,57.0,55.25
set-cover-0.1,real,15.583,0,8,60.0,55.5,60.0,56.0,57.5,55.0,55.5,56.25,57.0,55.25
set-cover-0.1,user,15.493,0,8,60.0,55.5,60.0,56.0,57.5,55.0,55.5,56.25,57.0,55.25
set-cover-0.1,sys,0.108,0,8,60.0,55.5,60.0,56.0,57.5,55.0,55.5,56.25,57.0,55.25
set-cover-0.1,real,15.463,0,9,63.5,55.25,63.5,56.25,57.5,54.75,54.25,56.5,57.75,55.75
set-cover-0.1,user,15.378,0,9,63.5,55.25,63.5,56.25,57.5,54.75,54.25,56.5,57.75,55.75
set-cover-0.1,sys,0.098,0,9,63.5,55.25,63.5,56.25,57.5,54.75,54.25,56.5,57.75,55.75
set-cover-0.1,real,15.463,0,9,63.5,55.25,63.5,56.25,57.5,54.75,54.25,56.5,57.75,55.75
set-cover-0.1,user,15.378,0,9,63.5,55.25,63.5,56.25,57.5,54.75,54.25,56.5,57.75,55.75
set-cover-0.1,sys,0.098,0,9,63.5,55.25,63.5,56.25,57.5,54.75,54.25,56.5,57.75,55.75
set-cover-0.1,real,15.463,0,9,63.5,55.25,63.5,56.25,57.5,54.75,54.25,56.5,57.75,55.75
set-cover-0.1,user,15.378,0,9,63.5,55.25,63.5,56.25,57.5,54.75,54.25,56.5,57.75,55.75
set-cover-0.1,sys,0.098,0,9,63.5,55.25,63.5,56.25,57.5,54.75,54.25,56.5,57.75,55.75
set-cover-0.1,real,15.623,0,10,61.0,56.0,61.0,56.5,56.75,54.25,54.5,56.25,56.5,57.25
set-cover-0.1,user,15.570,0,10,61.0,56.0,61.0,56.5,56.75,54.25,54.5,56.25,56.5,57.25
set-cover-0.1,sys,0.076,0,10,61.0,56.0,61.0,56.5,56.75,54.25,54.5,56.25,56.5,57.25
set-cover-0.1,real,15.623,0,10,61.0,56.0,61.0,56.5,56.75,54.25,54.5,56.25,56.5,57.25
set-cover-0.1,user,15.570,0,10,61.0,56.0,61.0,56.5,56.75,54.25,54.5,56.25,56.5,57.25
set-cover-0.1,sys,0.076,0,10,61.0,56.0,61.0,56.5,56.75,54.25,54.5,56.25,56.5,57.25
set-cover-0.1,real,15.623,0,10,61.0,56.0,61.0,56.5,56.75,54.25,54.5,56.25,56.5,57.25
set-cover-0.1,user,15.570,0,10,61.0,56.0,61.0,56.5,56.75,54.25,54.5,56.25,56.5,57.25
set-cover-0.1,sys,0.076,0,10,61.0,56.0,61.0,56.5,56.75,54.25,54.5,56.25,56.5,57.25
set-cover-0.1,real,15.683,0,11,61.5,55.0,61.5,57.0,57.25,54.75,54.25,56.25,56.75,55.25
set-cover-0.1,user,15.594,0,11,61.5,55.0,61.5,57.0,57.25,54.75,54.25,56.25,56.75,55.25
set-cover-0.1,sys,0.104,0,11,61.5,55.0,61.5,57.0,57.25,54.75,54.25,56.25,56.75,55.25
set-cover-0.1,real,15.683,0,11,61.5,55.0,61.5,57.0,57.25,54.75,54.25,56.25,56.75,55.25
set-cover-0.1,user,15.594,0,11,61.5,55.0,61.5,57.0,57.25,54.75,54.25,56.25,56.75,55.25
set-cover-0.1,sys,0.104,0,11,61.5,55.0,61.5,57.0,57.25,54.75,54.25,56.25,56.75,55.25
set-cover-0.1,real,15.683,0,11,61.5,55.0,61.5,57.0,57.25,54.75,54.25,56.25,56.75,55.25
set-cover-0.1,user,15.594,0,11,61.5,55.0,61.5,57.0,57.25,54.75,54.25,56.25,56.75,55.25
set-cover-0.1,sys,0.104,0,11,61.5,55.0,61.5,57.0,57.25,54.75,54.25,56.25,56.75,55.25
